name,age,street,city,state,zip,lng,lat
Christian Coleman,101,853 Kathryn Harbor,Lopezstad,32144,173.941019,28.1300835,
Joseph Silva,40,4173 Neal Plain Apt. 952,Bethmouth,41786,36.879575,15.868583,
Michael Koch,81,39978 Welch Loaf,Pierceland,84498,-70.01763,7.7640305,
Jason Holmes,115,68289 Knox Square Suite 392,New Angelatown,88807,-110.98811,44.222145,
Jonathan Thomas,95,991 Michelle Villages Suite 279,Griffithchester,71073,-64.798539,27.792612,
Wesley Peterson,22,11202 Kirk Forks,Manningburgh,70069,-25.100245,-25.5124295,
Brian Raymond,46,979 Lisa Prairie Apt. 966,Port Crystalchester,79283,-12.74434,89.769411,
Austin Scott,114,34244 Richard Passage,Donaldsonhaven,14386,75.749345,56.51481,
Teresa Wiley,51,3687 Barnes Walk,Michaelmouth,2332,-2.123494,-44.8094025,
Scott Mccormick,51,349 Benjamin Crescent,New Tammybury,60584,72.974697,59.747294,
Kari Pitts,18,1797 Teresa Isle Suite 480,North Alisonburgh,67468,17.892468,23.937131,
Andrew Mitchell,76,114 Castro Gardens Apt. 714,Flemingchester,67279,16.735373,52.5714045,
Jason Hall,25,39567 Zachary Villages Suite 539,Conniehaven,10511,13.331801,-26.0266275,
Joseph Miller MD,9,12373 Noble Mills Suite 164,Leonardberg,2112,78.922803,12.164154,
Jesse Jones,23,779 Sierra Vista Suite 190,Aprilview,56539,16.47738,75.2794695,
Blake Bennett,84,36384 Hampton Skyway Suite 055,Hamptonmouth,3416,171.814992,63.9295325,
Matthew Gibson,90,8271 Michael Village,West Christopherberg,41693,-138.804783,36.2841385,
Francisco Richard,102,1308 Ramos Branch Apt. 805,Michaelamouth,99247,4.13181,15.3485825,
Nicholas Pope,76,87326 Kimberly Groves,Longchester,50757,115.870997,54.8937545,
Richard Reyes,15,654 Randy Meadows,Owenston,42676,-83.543226,56.474574,
Teresa Townsend,35,62673 Davis Dam Apt. 884,New Michael,85488,177.84366,-52.791097,
Sandra Ramsey,106,62570 Roberts Course Suite 995,New Cathyfurt,94627,119.961999,-30.123559,
Justin Lopez,15,355 Cox Motorway,Frederickberg,92559,39.16652,0.4017665,
Paul Reyes,59,1012 Cohen Viaduct,Ashleefort,84399,-156.475191,20.8322315,
Laura Horne,97,451 White Haven Suite 109,Gutierrezfort,11779,-145.093144,84.069469,
Lindsay Novak,16,026 Brandon Way,Woodardmouth,1247,-88.001558,30.856235,
Bonnie Smith,51,359 Douglas Ferry,North Christinaborough,89067,142.119243,19.9205185,
Terri Schultz,19,55395 Harding Rest,Port Christina,69061,127.143734,1.797998,
Jessica Cummings,28,0048 David Burgs Apt. 156,South Nicholas,66727,162.987202,-84.3355595,
Jennifer Miller MD,84,8993 Michael Ville Apt. 096,New Caroline,41552,170.320114,17.903863,
Douglas Snow,114,0806 Jessica Court,Morrisside,95431,103.389161,-1.526872,
Sydney Collins,87,23741 Campbell Trace,East Michelleberg,27623,135.275299,59.1451495,
Stephen Kelley,89,029 Andrea Port Apt. 493,Edwardsmouth,81051,-15.919442,28.16996,
Robert Greene,7,5150 Jensen Ranch,North Crystalburgh,97904,-35.581213,-57.1074375,
Douglas Walker,61,90104 Jacobs Forges Apt. 385,Brenthaven,18974,82.401213,19.555314,
Nathaniel Huff,72,86509 Stanton Inlet,Harveyburgh,44397,144.329763,-75.0416555,
Allen Richardson,99,91184 Mary Flats Apt. 474,Teresatown,74000,-25.498821,40.289883,
William Perez V,77,3993 Carla Common,Shannonshire,18044,66.853603,87.9186775,
Jacob Mccarty,41,440 Christine Greens,Port Jeremy,89222,-36.900013,-34.9640865,
Diane Miles,50,0102 Stephanie Ridge Apt. 490,Lake Blakestad,32890,-107.005332,61.412945,
Jessica Miller,19,58499 Janice Cliffs,Walkerfurt,61581,169.130608,84.904063,
Alexandra Scott,42,4769 Lewis Ports Suite 160,Edwardsberg,62611,-139.84611,-2.4488775,
Patricia Lopez,106,000 Bond Village Apt. 381,Port Abigail,26937,4.189465,-56.7596205,
Barbara Ward,50,1691 Parker Street,Angelafurt,2382,-60.11482,-75.7909865,
Bryan Williams,35,188 Diamond Shoal,South Yolanda,21914,69.057489,64.4375305,
Michael Casey,46,7841 Gates Isle,Jamesstad,77571,160.890318,70.357603,
Jennifer Lynch,95,468 Haynes Meadow,Dustinchester,92567,-18.922734,52.7606895,
George Jones,16,720 Ronald Springs Apt. 347,Collinsville,65576,-133.663648,34.5718285,
John Baird,102,3123 Newman Fields,New Maria,68449,65.027117,-76.154042,
Steven Ellis,26,039 Brown Union,Gabrielhaven,38195,-77.070724,-0.896245,
Michelle Rosales,87,2882 Dougherty Port Suite 213,Baldwinfurt,9480,-137.88909,-76.1423855,
Jesus Morales,56,30209 Torres Greens,Matthewfurt,39649,-69.212244,-26.116409,
Stacy Le,55,8296 Jessica Forge,Colemanport,49255,-21.034481,56.977718,
Leonard Savage,68,3060 Henderson River Apt. 653,Lake Sherry,45467,76.899309,-73.2305715,
Heather Castro,93,404 Jeffrey Expressway Suite 525,Stevenchester,76137,72.678818,-88.109739,
Wanda Sanders,77,2794 Marissa Crescent Suite 040,Jeremytown,27271,-29.748821,39.7990205,
Janice West,57,5283 Mindy Stravenue,Christophermouth,36685,87.337514,56.870679,
Dr. Jonathan Lewis,106,21394 Eric Ford,Williamsburgh,63986,-18.012937,-14.441033,
William White,66,024 Shaun Way,Ivanfort,25391,-17.242686,8.522332,
Charles Cole,64,297 Jessica Rapid Suite 943,South Angela,72289,-95.169909,1.710381,
Andrea Villarreal,67,26130 Denise Garden Apt. 578,Lake Erikfort,77450,126.953532,-74.8242335,
Alicia Cooper,120,9545 Aaron Ville,West Alexismouth,23567,122.451526,-43.2388845,
Paul Russell,41,4030 Christine Meadow Apt. 466,Underwoodbury,99802,112.898714,-74.4875695,
Laurie Sweeney,26,0573 Kenneth Glen,Edwardschester,85008,129.852162,-15.18924,
Sheila Hill,100,898 Whitehead Trace Apt. 659,Gillchester,11205,46.932024,-21.717317,
Ruth Williams,56,543 John Ridge Apt. 531,Port Louis,93905,15.914879,-82.5826045,
Lisa Patterson,75,812 Tanya Creek Apt. 957,Jamesborough,27422,163.209202,60.00872,
Anthony Dominguez,44,199 Clark Fort Suite 524,New Amber,13908,19.953958,-84.790289,
Dale Eaton,18,096 Anna Key Apt. 449,Karenport,31727,-131.936646,66.521275,
Micheal Clark,69,927 Christopher Branch,Smithchester,66268,101.978137,-12.7838895,
Jeremy Carey,112,15242 Gregory Point Suite 246,North Jasonville,31485,53.765687,-81.3318485,
Michelle Cooley,62,63216 Black Village Suite 867,Leahshire,21782,-168.385337,-88.5819735,
Sara Allen,11,8263 Young Shore Suite 138,Vincentberg,13039,-114.288272,88.6972205,
Ralph Cook,105,5409 Christopher Club,South Michellechester,11688,106.675673,-23.7238985,
Christopher Barnett,21,87776 Lauren Glens,Rosschester,19228,-23.958311,22.720076,
Roberta Hernandez,11,9911 Bass Road Suite 817,Kentland,28929,-35.590646,-18.7671285,
Jennifer Larson,49,5024 Shepherd Ramp,Parkershire,60333,68.22811,-21.4777725,
Dawn Wilson,7,384 Anthony Valleys Suite 842,Edwardsview,87363,-88.52134,-87.798644,
Frank Robinson,110,22269 Nicholas Burgs,Juarezchester,73700,141.734358,-79.297562,
Wendy Lindsey,34,839 Morse Neck Apt. 446,Bowmanborough,9767,-34.9541,-24.785683,
Luis Smith,106,31075 Porter Coves Apt. 858,East David,81493,-9.274567,50.0095875,
Julie Oconnor,51,482 Keller Dam,Callahanburgh,62472,-166.390077,42.6345845,
Jennifer Flowers,37,632 Kimberly View Apt. 679,Michellemouth,65903,-133.110342,-84.5332185,
Robert Myers,14,57099 Dale View Apt. 726,Moodyport,87034,46.362112,1.9804675,
Amanda Kim,8,3714 April Overpass,South Karenland,4272,-59.217513,83.604979,
Anthony Moore,31,7398 Evan Neck,Taylorhaven,63612,16.678212,63.827232,
Jennifer Johnson,112,9122 Javier Pike Suite 935,Jerryside,10702,7.539308,63.234442,
Margaret Nolan,34,3818 Kim Turnpike Apt. 878,Port Carlbury,79318,-68.453377,46.860411,
Kathryn Smith,23,59478 Samuel Ranch Suite 492,West Ginashire,1323,65.564527,-6.622315,
Melissa Johnson,27,0852 Webster Lane Suite 015,East Mike,40471,104.870482,-64.0126925,
Timothy Rogers,79,233 Grant Landing Apt. 831,New Sara,51484,-25.599647,-88.7334265,
Kelly Salazar,98,2300 Page Mills,Farmerview,82936,22.708846,12.837256,
Nancy Gould,55,418 Nichols Lane Apt. 505,Brownmouth,24384,-104.807973,10.6445055,
Kevin Castro,95,673 Kylie Road Suite 864,Amymouth,96153,171.345184,-80.519017,
Chad Alvarez,29,8799 Corey Plains,Cassietown,38297,-34.086224,-89.244074,
Colleen Willis MD,90,83550 Rose Mission Apt. 082,Deborahside,24752,78.540147,-62.7036405,
Melanie Johnson,57,2510 Christine Gardens,New Lisa,62041,45.17519,-59.033953,
Regina Moore,13,5971 Grace Mount Suite 519,East Brian,96999,23.66888,9.232733,
Kimberly Roman,51,0107 Andrews Crest Suite 551,Port Donnaberg,46202,-102.768105,23.624121,
Cheryl Jackson,100,53910 Angela Prairie Suite 867,Simpsontown,71040,-115.042329,-30.0315995,
Regina Little,49,42111 Williams Dam,North Heatherside,57709,-27.765281,14.210063,
Kathleen Rogers,105,928 Barry Brook Suite 705,South Jonathanstad,90651,46.997338,-57.628977,
Dr. Crystal Cole MD,48,746 Johnny Village Suite 298,West Jessicafort,54660,-18.099413,-26.417749,
Thomas Ramos,46,75967 David Drives Apt. 408,New Roger,700,-87.829571,-24.7003025,
John Kerr,38,11347 Amanda Green Apt. 146,Brandonfurt,46429,-56.043344,69.2884765,
James Higgins,90,08758 Elliott Light Apt. 561,New Jeffrey,68914,-89.161062,5.777943,
Veronica Davis,8,533 Webb Islands Apt. 708,Garymouth,14620,132.111148,-4.4954515,
Thomas Norman,20,71953 Lori Highway Apt. 707,New Derekbury,67738,56.941657,-10.461428,
Brenda Thompson,21,4507 Blankenship Road,New Paul,2697,-107.894608,-52.776556,
Elizabeth Gray MD,18,3509 Kyle Mountains,New Nathan,20379,80.253079,11.630944,
Roy Rodriguez,110,5609 Todd Valley,North Bradleybury,15365,-16.747951,16.4954845,
Kristie Williams,63,569 Tiffany Causeway,East Sarah,29729,-139.08057,-64.617324,
Mary Craig,86,26274 Fleming Extensions Apt. 827,Port Melinda,51648,-87.79412,-65.5380625,
Debra Ford,73,4652 Stein Flats Apt. 265,South Jonathanstad,90110,76.343882,51.4321195,
Adam Alexander,55,023 Eugene Pine Suite 327,Patriciaton,50155,-28.078036,-87.924549,
Jennifer Owen,94,396 Adams Divide Suite 496,South Shannon,36344,126.329178,-68.263418,
Vincent Johnson Jr.,94,0278 Joseph Drives,Port Morgan,22439,76.533294,46.1867975,
Katie Hernandez,83,71230 Hernandez Walks,Jenkinsfurt,54045,-53.868294,-40.386689,
Aaron Ramirez,118,6826 Nelson Wall,Robertport,78418,143.404594,20.975744,
Lance Bates,34,76552 Nichole Parkways,Smithburgh,48203,27.385443,11.9469275,
Mark Fields,73,6130 Tracy Shore,Lake Nathanmouth,97001,-91.762162,-32.5875025,
Laura Parker,82,275 Gardner Grove Apt. 372,West Carrieshire,53674,60.991366,-28.4275425,
Brendan Harding,45,476 Andrea Ranch Suite 106,Lake Kimberlyborough,76218,164.656053,-70.56803,
Joanna Warren,109,9474 Moore Stravenue Suite 959,Fergusonborough,87386,-37.994888,70.0212835,
Amanda Carlson,118,847 Cunningham Mountains Suite 336,Victoriaport,8822,55.23814,-10.524774,
Mr. Ricardo Evans,53,670 Nelson Isle,Port Trevorbury,67275,132.8031,-62.193989,
Christopher Flores,50,6519 Pitts Overpass Apt. 085,North John,27453,26.838805,3.357414,
Jordan Wilcox DDS,35,702 Christopher Inlet,Amyberg,19445,-55.248841,44.4597255,
Joseph Stark,59,903 Powers Field,Turnerburgh,98115,-50.760579,-84.563049,
Katherine Webb,24,6767 Butler Highway Apt. 516,North Kellymouth,97917,-142.617829,53.794858,
David Sosa,106,03375 Janice Course Suite 977,West Kimberlymouth,80914,90.538624,19.9347865,
Olivia Foster DVM,62,2400 Massey Trail,North Brittanytown,42581,-170.554746,-18.27841,
Dustin Smith MD,65,33369 James Key,Penningtonbury,27052,22.318739,-69.536054,
Jennifer Rowe,115,6678 Brown Knoll Suite 671,Lake Adamland,64949,-79.781581,5.5140375,
Kimberly Harper,119,779 Rachel Rapids Suite 347,South Vincent,27610,-125.091,13.6538695,
David Nguyen,42,563 Hampton Corner Apt. 922,West Paulport,2304,-11.335302,-76.8782445,
Lisa Barron,100,471 Garrett Mills,West Kellymouth,72370,127.729151,76.727625,
Eric Patrick,27,90055 Brenda Cliffs Suite 344,Jasonport,76980,-85.996719,-86.6849745,
Molly Gentry,35,72356 Brown Plains Suite 137,Wesleyview,7364,-17.37533,2.631826,
Brian Russell,116,87614 Smith Spring,Lake Willie,84046,37.629426,-64.2958715,
Jennifer Marks,102,79892 Lewis Spring,Jeffreyton,73510,-167.591846,-51.180355,
Derek Thornton,57,9591 Montgomery Overpass Apt. 886,New Shelly,86038,121.784867,-78.3688325,
Brian Guerrero,72,3661 Watson Glen Suite 960,New Todd,18471,-111.005635,-58.059152,
Brandi Nguyen,85,014 Cheryl Extensions,Brandonshire,73483,-165.29091,-67.161051,
Jorge Chavez,116,051 Moreno Extensions Suite 841,East David,93514,-150.545642,-64.7311825,
Lisa Martinez,76,0612 Mark Viaduct,New Nancychester,67609,-115.388295,-59.361511,
Donald Jones,59,0556 Tammie Union,Watkinsport,34999,-173.971984,-46.694375,
Sharon Rose,67,588 Waller Cliff Apt. 830,Mccoyberg,16702,43.556852,22.758477,
Tristan Collins,100,4352 Steven Ports Apt. 180,South Johnberg,58815,76.062803,89.4955035,
Frederick Briggs,120,44383 Braun Extension,Adamshire,85796,33.529245,-59.18836,
Renee Robinson,94,167 Maria Plains Apt. 166,Port Reneeland,26354,-178.824121,-60.730161,
Sharon Eaton,26,23420 Anna Divide,West Jeremy,50251,-113.047582,-15.626474,
Travis Miller,35,6237 John Road Apt. 299,South Anthonyberg,45847,24.441457,75.9259665,
Kelly Woods,83,18496 Carroll Fork,Lisamouth,89148,159.38745,29.028552,
Danny Harvey,44,2588 Chavez Light Apt. 698,Lake Randy,83478,104.642445,40.2524375,
Justin Luna,113,4859 Jennifer Mountains,Annafurt,18193,165.571564,-80.3138845,
Jacob Wilson,83,63149 Williams Station,Port Sarah,89351,76.438798,57.063437,
Jessica Williams,105,7104 Smith Street Suite 115,South Jessicastad,43599,122.001649,13.428892,
Nathaniel Martinez,99,5687 Schultz Branch Suite 458,Lake Brian,45718,-134.045513,45.317782,
Kirk Walker,93,58409 Scott Circle,Kathyton,32940,19.099085,79.646951,
Jesse Phillips,7,9692 Omar Mill,West Katiestad,91979,-145.506353,-20.8429025,
Jessica Snyder,117,342 Angela Well,Tiffanyville,12083,-77.620649,62.5053415,
Roberto Ramirez,78,6777 Boone Loaf,Andersonfort,78228,130.016747,28.459668,
Thomas Mcdonald,68,461 Colleen Groves Apt. 823,Nielsenchester,5449,179.12429,-36.3312195,
Anthony Gonzalez,26,900 Brooks Haven,New Zoemouth,90901,-98.804076,85.558253,
David Sparks,31,1179 Alexandra Stravenue,Lawrencemouth,51526,-24.2916,-52.121128,
Sara Robbins,110,9008 Wood Rue Apt. 242,Bethborough,35291,-125.108113,-64.1124005,
Jennifer Jackson,77,5419 Lawrence Centers,East Dennisview,55131,-120.699525,-25.0162525,
Mary Sanders,84,71921 Franklin Circle Suite 359,East Erin,14218,-71.781906,86.609851,
Breanna Wagner,47,7203 Diana Ridge Suite 336,East Alvin,66699,-95.662691,80.911617,
Ricardo Wright,40,3798 Lucas Mountain Apt. 804,Scottfurt,65101,-95.960619,-6.172995,
Andrew Hughes,7,405 Rebecca View,Port Nathanchester,33009,-126.126735,48.8609535,
Sheri Dominguez,47,236 Ward Courts Suite 932,Port Whitneytown,61738,74.481304,-68.343374,
Sara Turner,22,4727 Weaver Light,West Evanshire,39351,-11.490476,7.038226,
Justin Cross,116,97272 Sara Port Suite 743,Beckerview,13628,40.159067,86.574601,
Christina Harrison,87,1736 John Field,New Jamesbury,78430,145.248579,-16.4851125,
Mary Chavez,73,1151 Allen Isle,New Melissaside,82965,-26.218906,-5.4661645,
Timothy Smith,41,62070 Murphy Corner,Marybury,63827,160.655011,-82.4722625,
Charles Green,103,613 Bass Valleys Suite 212,New Mitchellbury,27749,69.046708,-49.1624155,
Derrick Marquez,58,60320 Riley Tunnel Apt. 793,Shelleyville,79163,-70.072033,-13.738243,
Gregory Neal,56,57880 Natalie Prairie,Thomasside,43979,52.3472,10.761439,
Nicole Jennings,93,53729 Kevin Course Apt. 792,Christophertown,94015,-130.288804,53.114638,
Kimberly Rhodes,62,440 Cameron Canyon,Shelleyborough,40834,90.430813,47.0862715,
Amanda Wells,64,422 Adam Village Apt. 290,Ashleyland,74458,-123.661046,15.2028225,
Deborah Stewart,103,1940 Johnson Mill Apt. 061,North Sandy,84421,119.808771,81.7847545,
Clarence Ray,13,962 Laurie Junction,West Gabrielle,85327,-3.136948,-87.6424355,
Spencer Goodman,33,6636 Amanda Bypass,Hudsonmouth,7488,168.602692,44.816638,
Angela Lucas,16,5164 Moore Crossing Apt. 697,Nelsonstad,24848,-160.220559,39.1654915,
John Allen,99,024 Garcia Court,Stephensstad,80709,-175.731327,-72.448198,
Kathryn Neal,64,33855 Walter Ports,Garyton,68140,-74.79165,29.062835,
Corey Fisher,31,79674 Stephen Street,Leemouth,31702,-25.435169,-23.694671,
Michelle Myers,104,6816 Mitchell View Suite 992,Richardshire,50601,-30.184802,46.1990185,
Gregory Collins,73,5133 Lang Lodge Suite 222,Lake Kellyton,48173,71.969825,-51.9119265,
Jon Robinson,26,231 Phillips Parkways,Lake Donna,8304,-137.795531,19.9914805,
David Taylor,8,450 Nichols Lake,South Seth,81082,57.583831,-54.2310115,
Keith Nichols DVM,11,9267 Blake View,South Ronald,91333,-74.809821,-27.4856935,
Diane Silva,79,30910 Silva Roads,Port James,85615,-173.772656,52.1340885,
Elizabeth Brewer,37,517 Bruce Station Apt. 110,Wrighthaven,9802,35.259451,-64.2606165,
Micheal Brown,80,70576 Mcdonald Courts,Harriston,38880,42.733324,77.855605,
Samantha Sanders,90,4995 Pena Roads Apt. 195,North John,14356,-116.100866,62.776206,
Kelly Larson,25,232 Welch Garden,South Laura,33854,25.344108,-11.0069245,
Janice Carr,68,6835 Garcia Crossroad Apt. 198,North Matthewberg,53131,52.78417,-71.597025,
Daniel Mahoney,117,31086 Nicole Terrace Suite 460,North Nancy,84619,-97.078718,24.5794855,
Aaron Rodriguez,66,5478 Douglas Summit,West Kathrynshire,58561,-170.111083,37.667664,
Brandon Moore,108,950 Jordan Landing Suite 398,Priceview,18986,15.765235,-49.9070745,
Kellie Thomas,36,188 Taylor Green,New Tyler,41339,62.929571,63.9291835,
Megan Nelson,111,33488 Stacy Key Suite 921,Lake Georgebury,49316,56.560766,-16.9997455,
Mark Lopez,19,072 Alexis Ports Apt. 066,Hamiltonfort,30152,141.131266,41.590245,
Shannon Baldwin,50,7531 Ronnie Lane,North Aliciaton,94501,-79.265118,20.4803135,
Jacob Edwards,78,6176 Johnson Meadows,Lindashire,48037,68.08455,-66.6459255,
Alicia Hatfield,41,404 Dylan Crossing Suite 699,East Rodney,70146,136.621438,-82.4832045,
Kimberly Jones,23,2284 Danielle Coves Apt. 580,Sonyaport,73680,169.366166,67.308137,
Pamela Griffin,16,821 Valerie Well Apt. 630,South Brandonshire,30345,-52.31731,-65.4426715,
Dale Ho,82,0404 Sonya Dale,New Jessica,75710,-9.934218,35.6771685,
Brian Wells,53,292 Moore Groves Suite 999,Hodgeshire,61478,90.110176,-52.468007,
Ian Montgomery,105,52412 Eric Ford Suite 497,New Dillon,83997,80.020283,-68.034521,
Debbie Ball,78,3248 Robin Inlet,Barbarachester,64564,89.895255,-13.8821155,
Jose Sanders,46,443 Miller Extension Suite 768,North Austin,95149,-47.767249,-43.42675,
Nicole Davis,53,0347 Brown Rapids Apt. 728,East Mark,65405,122.863382,70.68689,
Dorothy Arellano,11,752 Matthew Keys Apt. 519,Johnmouth,68446,-39.290178,-8.4822735,
Alexandra Hall,47,3174 Larry Mews,New Valerie,6864,139.740063,85.399749,
Darryl Lara,98,832 Ford Isle Suite 055,East Scottland,40960,-9.311792,-45.467615,
Jamie Noble,42,9759 Vicki Port Apt. 772,Wattsshire,57514,0.930798,88.9035695,
Cameron Singleton,17,64097 Porter Trail Apt. 473,Richardfort,84518,-122.587014,-10.027284,
Christine Reed,85,543 Shannon Village,Castanedaside,59097,174.185239,19.916388,
Scott Torres,33,21998 Peterson Drive Suite 431,Lake Melissa,49186,95.288762,-68.0556385,
David Martinez,45,508 Diaz Square Apt. 304,Riosfort,43837,-174.265301,-80.854194,
Brooke Ramirez,49,59373 Walker Throughway Suite 956,East Adam,26902,-122.890718,-51.6229775,
Randall Jackson,54,27725 Rebecca Roads,Hornland,44417,149.373013,-46.650412,
Debbie Leonard,66,265 Andrea Overpass Suite 483,Leeville,11463,-103.02561,12.2049705,
Anna Herrera,89,8248 Rebecca Ports Apt. 688,Nguyenstad,96714,126.256521,0.7108675,
Angel Jacobson,81,87404 Shaw Bridge,Andrewview,68328,23.035675,-39.4523195,
Sean Morrison,25,7388 John Court Apt. 464,Davidborough,30852,-35.530602,10.7310485,
Kathleen Robbins,114,497 Lewis Turnpike,Boltonton,41743,-106.326872,-87.5019615,
Lindsey Powers,108,59493 Dawn Greens Apt. 178,West Kenneth,99509,-26.610787,14.371383,
Rebecca Rice,74,690 Robert Roads Apt. 196,Hollytown,43868,-5.76355,-56.87747,
Colin Johnson,91,5786 Larson Flats Suite 211,Cameronland,63117,87.87976,-14.6480245,
Nancy Lewis,76,7726 Odonnell Curve,Port Ashleemouth,73538,-158.874656,52.6824365,
Shari Williams,106,805 Guzman Viaduct,Kingside,2802,-174.010275,-75.9559115,
Valerie Price,65,8729 Jackson Glen,Emilystad,767,167.753903,-67.771738,
Benjamin Chapman,62,536 Angela Mall Suite 099,Wilsonchester,40060,144.441684,75.336005,
James Middleton,116,289 Carter Park,South Amanda,52702,-17.374022,-69.954028,
Katherine Gutierrez,78,72489 Warren Lock Suite 199,Pottermouth,48040,120.622333,-15.5498125,
Wendy Bowman,33,9425 Delacruz Squares,Port Laura,42065,-92.232131,56.72121,
Wendy King,69,08706 Nelson Mountain Suite 480,Campbellburgh,39975,75.83366,15.4323705,
Michael Bryant,16,86167 Jennings River,Curtismouth,49848,-72.418592,-8.353638,
Daniel Lambert,15,4644 Matthew Walks Apt. 524,Jacobview,44642,12.731716,-60.3309005,
Amy Miranda,91,4594 Adams Manors,Huntfurt,4715,-57.020674,-22.4385315,
Crystal Jackson,101,421 Teresa Falls,East Teresaport,94260,-147.9021,-68.3199665,
Dr. Patrick Martinez,88,43265 Debra Forest Suite 109,New Scott,56985,93.400013,6.4932435,
Clayton Jones,20,27166 Reyes Mission,Campbellton,12915,-113.476286,17.439011,
David Lawrence,8,814 Ward Stravenue Suite 107,Joneschester,6819,-158.495465,-49.828153,
Daniel Martin,95,34727 Kelly Mills,West Paula,80629,11.396488,-42.6032625,
Lauren Hooper,90,579 Edward Pine Apt. 071,Lake Victormouth,98543,-177.793519,-42.8057945,
Richard Avery,104,865 Mccann Port Suite 033,Donaldview,21011,68.519041,-81.1907685,
Steven Patel,71,57164 Caldwell Point,North Larry,532,128.548916,66.4320075,
Marcus Alvarez,72,9134 Nicole Groves,South Kimberlymouth,88120,-92.72777,26.684654,
Robert James,52,1743 John Passage Suite 896,Lake Robertstad,48048,-128.280727,-74.727614,
Mrs. Ashley Scott,34,3339 Chloe Cape,North Derekshire,24526,-42.642903,2.776787,
Jerome Hughes,34,802 Moore Inlet,Lake Jamesberg,69558,85.046215,83.200627,
Reginald Thomas,81,70278 Brooke Prairie Suite 654,Webbview,64585,-44.783343,-55.955863,
Jessica Medina,118,2730 Emily Crest,South Brookeland,17409,-49.005577,55.6859085,
Gordon Hopkins,23,8172 Montes Junction,Pinedatown,1670,-118.650502,67.3910725,
Julie Jackson,73,903 Frost Village Apt. 823,East Coryfurt,59026,89.124379,-28.84971,
Colleen Maxwell,114,8697 Bartlett Cliff Suite 037,Lake Margaretbury,25408,-3.019896,75.1753425,
Bethany Sanchez,111,40253 Levine Crescent,New Shaneberg,12356,-6.311981,74.9898395,
Maria Ray,81,7722 Deanna Mission,Heatherberg,57869,-55.674489,45.577358,
Lisa Hughes,44,45243 Jeffrey Trail,South Judy,39421,58.287233,71.1939475,
Mark Cox,71,4781 Dawn Vista Apt. 057,Marshchester,32612,131.252897,3.960567,
Regina Camacho,105,955 Holly Cliff Suite 057,South Christineborough,71390,-60.650032,70.9331085,
Shawn Smith,10,57231 Joyce Village,Lake Erinfurt,66749,52.832347,-87.586752,
Jasmine Jackson,101,018 Sanchez Parks,North Crystalhaven,30590,176.2916,-65.7870785,
Sheena Ritter,28,0336 Gill Ranch,South Katherine,8014,109.805797,-71.369776,
James West,111,9514 Le Dale,South Donald,67014,156.39157,-61.449246,
Chad Marshall,33,9298 Maxwell Valleys Apt. 283,Nunezshire,65509,59.240116,15.2815015,
Dylan Perez,9,66327 Amber Knolls Suite 448,Sabrinaland,67888,-99.15153,67.3175995,
Jesus Powell,18,9354 Kimberly Cliff Suite 389,Jessicastad,89456,81.606848,49.4973205,
Michael Guzman,76,096 Garcia Track Suite 480,North Mitchell,12457,141.185337,53.5532115,
Amber Ramirez,64,33755 Kyle Trafficway Apt. 039,Jenniferfurt,90418,175.752505,-66.1276075,
Allison Miller,52,1235 Michael Village,Craigchester,28857,-138.12036,77.556544,
Charles Guzman Jr.,83,231 Julie Orchard Apt. 737,South Jeremy,39812,108.090603,-43.557788,
Jeffrey Snyder,97,0763 Jesse Spurs,East Josephburgh,20375,-38.551346,-83.6276395,
David Wilson,111,824 Sara Harbors,Spencerberg,48457,78.282217,13.8582295,
Francisco Walsh,97,2043 Heather Unions,New Alexis,26173,130.203677,-2.0194895,
Martin Nelson,65,852 Bullock Plains Apt. 149,Port Nancyview,11937,-146.303716,36.9511475,
Tracy Hooper,88,31360 Victor Spur Apt. 738,Mcclainburgh,89504,28.380241,46.752296,
Katelyn Reese,61,206 Andrea Mountains Suite 048,Meghanmouth,46099,-6.990068,36.2800425,
Andrew Osborne,46,78157 Hartman Rapid,West Kyleshire,91546,-43.377281,-68.566312,
Cynthia Gregory,37,0038 Bender Circle Suite 325,Amandaside,25775,100.941285,23.8604845,
Tara Hernandez,39,223 Jason Fort Apt. 973,Mooreshire,5705,-1.002757,-78.7745995,
Shelby Wallace,39,7490 Ryan Tunnel Suite 725,Andersonstad,6921,-22.873815,-0.204043,
Monica Flowers,89,475 Alexis Stravenue Suite 271,Gutierrezstad,18364,-67.495553,79.323028,
Michelle George,93,4377 Flores Mountain Suite 659,Underwoodmouth,70080,-146.078862,77.2943195,
Tasha Williams,106,539 Zhang Stravenue Apt. 348,New Nicholeview,57540,-152.770005,-59.2295735,
Cory Wilson,49,221 Taylor Motorway Suite 272,Lake Tyrone,96401,-175.782935,0.0588945,
Stanley Montgomery,18,0797 Hill Light Apt. 517,Chadfort,12501,150.715409,12.5912005,
Rachel Lewis,118,273 Cannon Springs,Patriciaview,2964,-22.947141,50.910764,
Sherry Miller,62,1867 Rhodes Plain Apt. 634,Lake Morgan,23995,-14.309129,-53.52659,
Danielle Thornton,27,92484 Raymond Orchard Suite 877,West Kristiberg,606,-85.69306,-26.4366635,
William Henry,78,21147 Reilly Causeway Suite 385,East Tommyville,22032,-20.349553,78.2434835,
Ricardo Thompson,45,06282 Kevin Trail,Shannonhaven,18001,165.169874,58.169805,
Colin Campbell,100,5938 Young Neck Suite 198,Castroberg,78636,-121.207704,-53.71879,
Mark Velasquez,45,867 Ballard Lane,Lake Dakotamouth,38363,172.039818,87.465354,
Nancy Sanchez,28,54722 Wilson Court Suite 091,Mariaview,16381,-147.867688,-32.7723535,
Mitchell Myers,60,821 John Turnpike Suite 416,Port Victoria,36484,153.812361,76.034,
Johnny Thompson Jr.,65,733 Fred Green,North Matthew,72834,129.058572,-87.579465,
Victoria Chandler,118,84602 Kelly Locks,Andersonbury,87679,-100.805059,82.3094165,
Darrell Thompson,116,531 Massey Well,Port Amy,43672,61.264536,-62.887472,
Nicholas Tucker,31,436 Christopher Brook,Andersonfort,49330,113.507779,-8.595902,
Dustin Johnson,88,6437 Robinson Dale Apt. 312,North Julianshire,14189,116.231006,13.1828505,
Robert Jones,40,999 Wolfe Valley Apt. 853,North Andreahaven,22020,6.24965,13.650238,
Daniel Meza DVM,117,943 Johnson Curve,Lake Anita,97100,-171.910617,-74.3560045,
Kaitlyn Vasquez,72,29639 Gonzalez Loop Apt. 203,New Elizabethville,29126,-91.100233,61.4311365,
Joseph Gilmore,89,028 Desiree Street Suite 224,Lake Hannah,9330,157.745818,-10.6549025,
Sara Schmitt,84,43613 Curtis Isle Apt. 759,East Rachelfort,35141,-79.876383,-79.5395685,
Albert Dawson,17,207 Burns Loaf Suite 296,Port Jeffrey,5268,7.756587,88.538557,
Stephanie Perry,74,61880 David Courts,Joelport,51050,-95.498358,13.808485,
Lauren Myers,43,34727 Simpson Club Apt. 349,Andrewland,48982,153.444903,-73.740445,
Michael Wong,18,952 Cabrera Neck,Shannonborough,98447,-86.850509,29.526213,
Cheryl Wilkerson,18,211 Jennifer Unions Apt. 732,Ericshire,44841,-102.505406,-85.5373865,
Douglas Ball,112,75429 Davidson Falls Apt. 662,East Steven,795,48.428882,86.73917,
Carolyn Swanson,76,89457 Linda Hill,Brownmouth,79506,-93.032971,6.7708495,
Mitchell Wilkins,30,661 Foster Cliff,East Mark,10101,-111.703642,-42.9490855,
Todd Pierce,22,18698 Mccormick Greens,West Tammyview,57404,-34.889788,-32.180049,
Ryan Smith,45,36134 Brown Avenue,West Deniseberg,55944,142.33234,-17.258158,
Shelby Morales,112,560 Oliver Inlet Apt. 189,Williamstown,25522,80.571753,25.5840155,
Alexander Thomas,88,851 Baker Mall Suite 979,New Rachel,49114,-174.873845,56.565122,
David Williams,29,6956 Marc Haven,Westburgh,77076,-65.310635,59.5122695,
Patricia Evans,49,715 Victoria Lodge Suite 108,Lake John,47811,-148.034048,6.4704485,
Jennifer Gomez,80,73243 Alison Well,Port Tonyton,81752,45.148394,78.6766895,
Austin Miles,75,5930 Matthews Viaduct Apt. 789,North Bradley,64410,178.714118,-77.3474865,
Jamie Brooks,82,0673 James Ways Suite 514,North Patrick,8977,114.69048,40.827839,
Ricardo Carson,100,28931 Angela Extensions,Lake Hunterhaven,42971,-77.31783,12.025228,
Sharon Smith,114,79934 Christina Mills Apt. 050,South Sherylhaven,97375,-60.255356,-35.5905555,
Tracy Gardner,71,9181 Matthew Curve Suite 534,Williamsville,24119,127.291898,30.7560785,
Cynthia Merritt,8,264 Stephanie Falls Suite 877,North Courtneystad,97831,63.358967,28.119752,
Maria Clark,108,271 Parker Springs Suite 164,East Jennifer,84649,-83.392833,-3.965071,
Matthew Lopez,98,3655 Gilbert Dale,Lake Jose,59423,-125.40704,-81.885703,
Kelly Clark DDS,44,299 Jessica Roads Apt. 989,West Jonathanfort,71452,58.717155,-75.6625945,
Gina Avery,107,1755 Clark Ferry,South Maria,98663,-151.020233,-55.8549135,
Adam Powell,66,1637 Anita Gateway,East Veronicafort,79332,-45.820197,-65.5499315,
Sarah Gonzalez,82,586 Cox River,Port Mitchell,20221,-101.228679,-58.975846,
Ronald Morse,104,9469 Lauren Cliffs,Leeberg,79932,179.729138,72.1683195,
Anthony Jones,31,0539 Russell Common,North Danielmouth,78566,-175.589963,-78.910026,
Roberto Shah,115,2006 Davis Stravenue,Huangville,33656,-43.664754,43.611222,
Hunter Lynch,50,50500 Tracy Rue,Lake Michaelbury,41383,-111.237414,-72.756548,
Jamie James,11,47873 Pruitt Crescent Suite 550,Karenport,20068,60.396803,-85.6030205,
Kevin Phillips,50,44867 Klein Branch Apt. 086,Port Daleview,58164,21.982484,-14.0360125,
Cynthia Villa,90,87373 Serrano Station Suite 676,Port Kathleen,82270,-118.492959,73.4831565,
James Harris,27,2550 Beverly Rue,Michaelstad,92437,66.188653,5.8638995,
Paul Francis,18,5409 Justin Ranch Apt. 878,Samuelbury,70837,-123.297251,23.882192,
David Sandoval,41,0020 Simmons Shoal,Port Deborah,72254,81.570614,-43.0649795,
Jason Adams,25,580 Marquez Grove Suite 814,East Tyler,27672,111.328483,-82.0772085,
Holly Humphrey,105,74743 Angela Street Suite 958,South Jerrytown,45401,-168.914996,-70.305918,
Adrian Moreno,112,342 Velazquez Forges,East Ruben,95859,-13.559247,-9.9508695,
Debra Haas,27,453 Elizabeth Hill Suite 330,Jessicashire,78781,94.677068,-60.924286,
Craig Rodriguez,36,361 Emily Lake Apt. 131,South Jessicaport,66496,72.614558,-62.597738,
Robert Hopkins,101,971 Joseph Crossroad,East Cheryl,55911,123.538186,-86.732288,
Dr. Jeffrey Mora MD,66,1979 Barnes Greens Suite 788,New Conniefurt,84351,-33.318111,-7.033861,
Mrs. Colleen Chapman,116,9028 Sanders Falls Suite 309,Lopezside,99420,109.295945,20.053984,
Mr. Thomas Morrison DVM,116,40192 Jennifer Run Apt. 193,South Jesusside,87444,130.344939,-66.8263405,
Dakota Robles,36,12678 Kelley Plaza Apt. 949,Amandaview,45148,-107.729991,6.0682685,
Richard Alexander,90,2698 Nixon Fort Apt. 797,West Marie,57178,-54.334977,75.45795,
Johnny Jennings,83,7930 Ewing Port Apt. 284,Ramirezshire,88873,-1.745055,8.0639735,
Mark Fox,117,57851 Fleming Trail,Dixonborough,90759,-128.69245,-9.239944,
Alicia Parker,45,108 Alexander Locks Apt. 234,Jenniferfurt,12263,-35.990255,65.8070715,
Darlene Barnett,20,4957 Rivas Squares,New Chelseatown,22451,92.662715,-33.3603025,
Michael Valdez,89,89716 Andrea Mill Suite 238,Anthonyfurt,91747,37.757167,-82.632636,
Brian Holland,104,03027 Mccann Mountain,Walkerfort,2935,-130.835465,-19.444339,
Dale Hill,96,7199 Sandoval Cliffs Suite 019,Masonchester,68168,107.344687,-18.4534825,
Amy Gutierrez MD,35,297 Charles Underpass,Harmonside,29530,-90.59431,68.869028,
Caitlyn Carr,78,93239 Kennedy Island,East Thomas,51786,-11.689086,-18.9601755,
Andrea Howard,107,31160 Beltran Walks Apt. 809,Brianhaven,9750,171.596782,-87.8530805,
Lance Patterson,19,7287 Bowers Camp,Harrisstad,36716,-46.731682,-1.608672,
Tony Williams,27,35960 Terrell Plaza Apt. 768,Lewisland,84877,-11.963005,-44.7752495,
Margaret Curry,17,944 Glenda Springs Suite 233,Jamesberg,11750,159.314182,-80.4885825,
Yolanda Campbell,19,1869 Romero Mountain Apt. 251,North Lauraton,55317,-11.375259,85.9397155,
Jennifer Mcgee,87,0125 Jackson Stream Apt. 676,East Morgan,56870,53.77431,-76.596176,
Emily Anthony,56,385 Gonzales Plains Suite 568,Lake Marc,5652,0.735438,40.7209835,
Lisa Carlson,101,5057 Dean Manor Suite 320,North Malloryfort,62940,-49.803386,3.080522,
Lauren Berry,70,1408 Jeffrey Summit Apt. 739,West Edward,91478,-7.935452,65.5558075,
John Wilson,87,0595 Hickman Trafficway,Martinezmouth,18790,125.655482,15.1994885,
Steven Holland,90,0626 Danielle Divide Suite 677,Sotochester,33197,-55.896283,54.03924,
Craig Thomas,34,92977 Long Forest,South Johnhaven,30232,-40.41088,23.0000445,
Danielle Campbell,111,180 Kramer Extension,Port Mary,48947,131.29346,2.094709,
Jordan Adams,41,666 Joe Lake,Port Ebonyview,88186,141.2973,-17.5759475,
Rachel Mckinney,65,487 Brown Street,Michaelville,58750,-81.919714,-22.1768505,
Joshua Adkins,69,04457 Tucker Gateway,Riosshire,57797,-118.621216,61.161402,
Ryan Ramos,46,5273 Laura Mountain Suite 608,Kristaburgh,20292,-94.421195,38.2012265,
Sarah Monroe,96,67713 Ruben Spurs,Lake Laura,16135,-49.230761,-61.8923165,
Johnathan King,47,6167 John Light,Pricefort,62437,-153.390739,79.740119,
Victor Cooper,63,3261 Cooper Court,New Krista,64839,140.811572,-73.31701,
Lindsay Williams,31,89170 Saunders Springs Apt. 905,Lake John,59977,61.546703,35.3739505,
John Woodard,53,88452 Hunter Mission,New Kimberly,59464,42.088604,16.497348,
Ryan Webb,9,7768 Andrew Lodge Suite 393,North Daniel,29725,-76.323851,-5.5285345,
Taylor Scott,39,5941 Tiffany Trace,Richton,90855,-129.738636,-89.33179,
Thomas Jackson,104,74364 Robin Bridge,Whiteberg,9758,13.945873,8.513165,
Derek Chen,103,1757 Brown Tunnel Suite 372,Hernandeztown,67837,70.772932,-35.5850055,
Collin Hernandez,57,994 Barker Fall Suite 098,Marcberg,9281,140.95236,56.6835965,
Marissa Rodriguez,38,33750 Roger Views Apt. 817,Lake Morganfort,24965,-24.713807,48.0441765,
Kayla Martinez,86,95263 Miguel Point,Ryanborough,25791,75.522967,74.4060635,
Matthew Wilson,105,87021 Larson Mission,Sandersstad,75681,-167.843691,-14.801241,
Amy Johnson,30,51719 Brittany Rapids,Ericberg,14880,-94.986847,88.259431,
Antonio Fox,66,1222 Mora Isle,South Cynthiatown,2692,21.784221,-9.673798,
Lisa Rodriguez,46,604 Melissa Rue,New Adrienneburgh,9491,-91.198946,62.098254,
Jamie Frazier,94,9952 Bradley Branch,Port Joshua,89412,-115.396345,-17.2705775,
Wayne Cruz,66,825 Walker Springs Suite 997,North Stephanie,9235,-66.285606,-10.1093565,
Kathy Garcia,46,8420 Brandon Plain Suite 698,West Michaelside,2278,170.062787,20.8349185,
Angela Ellis,77,4945 Brooke Divide,Courtneyfort,55479,-39.467094,83.01446,
Trevor Lopez,34,8631 Contreras Stream Suite 705,Port Edwardview,36490,60.478969,-70.939314,
Alexandria Johnson,119,31913 Morgan Terrace Apt. 816,Robertmouth,7701,83.367725,-77.8131885,
Jaime Fisher,67,80271 Jones Path Suite 440,Morrischester,63902,-147.573782,3.287392,
Ruth Parker,17,22916 Ryan Lakes,Chanfort,51047,0.592613,11.115828,
Michael Zamora,9,1467 Farmer Crescent,Port Thomas,51647,166.402833,-20.1751905,
Teresa Jones,88,836 Arellano Summit,Savagebury,88279,127.890533,31.5292525,
Tamara Carroll,105,7105 Christensen Roads,North Matthewview,3948,-126.858616,18.633675,
Mrs. Amy Burns MD,76,239 Howard Cliffs Suite 373,Melissaborough,6412,56.207271,-86.5150105,
David Morgan,33,486 Jeff Ranch Suite 752,North William,31023,-85.799158,-3.375835,
Nathaniel Robinson,52,649 Steven Pass,Danielview,528,74.470518,25.615094,
Joe Rodriguez,86,36280 Hayley Ways,Johnside,35753,75.759729,-49.2792485,
Daniel Fleming,85,0408 Henderson Lane Apt. 081,South Kimberlyfurt,38237,127.041084,-87.070573,
Nancy Hale,34,370 Khan Fort Apt. 610,South Kayla,71796,127.657859,70.525427,
Donna Conley,96,2082 Patricia Turnpike Apt. 234,Port Kenneth,87412,128.880796,-21.7564995,
Anne Fischer,18,44406 Newton Cliff,Diazmouth,89674,-100.04576,35.13097,
David King,110,7912 Colton Forks Suite 926,North Cassie,1633,8.995466,-37.1721065,
Calvin Preston,117,874 Ian Prairie,North Sonya,6953,97.998622,-4.748044,
Roger Dixon,98,434 Amy Lakes Apt. 502,Leonardborough,783,-28.663822,-34.3504675,
David Burns,53,62362 Taylor Courts,Lake Kylie,58988,9.599144,32.347925,
Ricardo Martin,14,131 Cynthia Brooks Apt. 601,Port Markchester,51689,119.450263,-49.316641,
Karen Romero,97,2266 Benjamin Turnpike Suite 755,North Heidiland,11586,-75.803311,42.492428,
Michael Wilson,35,13143 Wilkinson Streets,West Davidshire,83042,162.023408,24.239542,
Sharon Pacheco,54,7974 Turner Tunnel Apt. 373,Moodyview,67334,84.786217,5.6771045,
Cynthia Noble,97,89770 Justin Junction,Millston,38000,17.625698,82.1201095,
Steven Baird,83,42264 Lawson Springs,Lake Kayleeport,53448,-165.351641,-54.612657,
Loretta Miller,43,27458 Blankenship Meadows Suite 052,South Katelyn,30118,-19.853053,86.5574015,
Adam Shaw,66,55623 Winters Forges Suite 515,Derrickchester,55367,-63.298272,1.3678905,
Jose Webb,23,577 Patrick Mountain,Brendamouth,71662,29.141269,36.779831,
Francisco Washington,74,623 Martin Divide,Johnchester,17244,38.223864,-30.6796095,
Courtney Anderson,21,82418 Christensen Light Apt. 169,Jenniferstad,14151,-93.971003,-77.194873,
Theresa Golden,96,07450 Moses Ferry Suite 250,Lake Philip,62958,121.355805,20.6341445,
Julie Chung,70,904 Brown Shores Apt. 777,Port Jamie,87458,158.55558,-52.171155,
Melissa Arroyo,31,68635 Miller Drive Apt. 393,Matthewport,90173,162.150813,56.704039,
Karen Harris,74,3343 Mark Flat Apt. 815,South Rachelton,90338,-78.031628,60.6341395,
Robert Pearson DDS,110,6872 Jennifer Falls Apt. 500,West Shawnfort,96777,71.173334,61.2674195,
Molly Edwards,29,3228 Maxwell Passage,Kimberlyburgh,84564,42.539031,77.3849775,
Karen Trevino,100,204 Robert Knoll Suite 330,Rayburgh,23377,24.728104,-55.528196,
Beverly Peterson,77,24972 Quinn Estates,Josephfurt,7070,-80.663679,-51.197873,
Robert Townsend,24,545 Smith Springs Suite 807,Garciastad,12725,168.966804,-60.3769435,
Michael Young,48,3677 Evans Estate,West Benjamin,71887,-148.790963,-30.8907245,
Dana Harris DDS,56,52379 Julie Locks Suite 817,Port William,75670,148.856751,46.290848,
William Butler,11,57609 Johnson Island,Barnesmouth,15249,-39.003187,-16.6431215,
Jonathan Jimenez,30,1909 Peter Coves,Brendaborough,48067,110.959616,65.015938,
Randall Ballard,48,887 Ana Unions Suite 249,West Tammyview,63213,61.216057,-83.594958,
Ronnie Soto,14,15203 Hayes Lodge,Singhburgh,36299,-105.395585,-88.3779985,
Regina Sandoval,58,4525 Stephanie Inlet Apt. 044,Nicoleshire,37884,-33.628439,61.0953525,
Ronald Richardson,38,39269 Michael Forges Suite 593,North Ronald,34844,-1.573974,-61.5727,
Steven Fields,56,78342 Soto Views Suite 825,Greenfort,56185,40.279152,30.31429,
Matthew Coleman,75,2051 Stewart Crossroad,Danielmouth,44445,115.971907,47.5595895,
Peter Anderson,62,28197 Stephen Skyway Suite 137,East Brian,21407,170.283944,-46.915722,
Seth Schneider,119,65259 Gallegos Gateway Apt. 839,Dennisborough,80148,-13.072649,-20.9105945,
Dr. Antonio Guerra,111,50935 Carroll Stravenue,Woodstad,6648,139.973337,-8.9604775,
Michael Brooks,22,2972 Raymond Port Suite 499,South Stephanie,62850,89.338933,33.202966,
Mrs. Jennifer Gibson DDS,91,252 Powell Cove,Jordanfurt,97872,-131.609917,43.8303945,
Devin Hudson,79,332 Jones Ville,Allenborough,60309,66.630405,-40.2284895,
Chad Webb IV,73,331 Martin Highway,Harrisville,2092,34.41576,58.534795,
Andrew Williams,65,93515 Davis Row,Port Marytown,6662,-62.744051,-26.754095,
Kimberly Richardson,112,53579 Williams Vista Suite 656,Lake Susanhaven,21202,113.648737,67.7124015,
Lynn Pearson,22,610 Powell Coves Apt. 978,Port Cherylborough,81042,-156.783164,-56.9843555,
Ryan Parker,18,29937 Mary Port Apt. 573,East Antonio,40442,-6.228524,-23.174421,
Brendan Mendoza,26,922 Watson Village Suite 350,Jamesfort,91977,98.904422,-74.8352535,
Julia Davis,120,6789 Matthew Lodge Apt. 761,Carlsonport,93282,26.353702,50.857267,
Steven Lucero,51,4275 Aguirre Harbor Apt. 798,East Devinborough,71566,-36.593968,58.1853,
Arthur Holt,89,56467 Sarah Highway Apt. 932,South Mollyborough,4302,-5.213328,-36.843551,
Donald Thompson,115,7894 Corey Square Apt. 547,East Heather,8486,-153.298439,81.858037,
Michael Sanders,87,3010 Freeman Garden Suite 447,Lopezside,68515,-81.151672,-28.8406575,
Daniel Henson,18,275 Mclean Road Apt. 012,Crossside,60587,-169.769156,-84.633168,
Kelly Conway,36,8457 Amber Crescent,Reevesmouth,25009,48.317117,49.3016985,
Todd Hart,119,49487 Debra Courts,Lovetown,4718,113.468273,4.476125,
Jerry Jones,68,94167 Priscilla Walks Suite 809,Jonesside,31725,-18.848903,83.7573745,
Jonathan Jackson,83,5986 Robin Cape Apt. 083,Sanchezport,28598,121.366919,88.849828,
William Smith,9,2428 Gray Shores,New Jennifer,80173,-43.80983,-3.1430275,
Donna Lowery,74,022 Michael Parks,West Peggy,46676,43.291377,-71.8814035,
Rebecca Collins,7,763 Austin Green Apt. 465,Huangport,72299,-151.513933,54.237146,
Tyler Coleman,86,930 Jonathan Islands,East Brad,10008,-178.778444,-74.2460515,
Todd Jackson,114,433 Christina Meadows Apt. 676,Riceborough,32797,-113.163157,17.4162265,
Dr. Lisa Rose,73,54488 Smith Walk Suite 373,South Lisaville,50663,-60.48757,28.7087935,
John Small,114,6054 Hale Crest,Aliciaton,4044,-104.335858,-73.6873925,
Cynthia Brooks,61,8681 Lindsey Road Apt. 181,Elliotttown,2277,-82.630046,38.867774,
Robert Donaldson,44,16968 Bradley Walk Apt. 926,Howeberg,89935,44.507095,65.0116665,
Christina Lindsey,48,50847 Haas Crossing,Brownstad,90770,120.639789,9.829861,
Brian Reyes,34,407 Henson Manors,Port Jenniferchester,19417,5.306573,-12.3161705,
Amanda Pugh DDS,32,65294 Linda Loaf,North Nicoleshire,75133,-81.575865,-59.5230495,
Jordan Lucas,14,6707 Hernandez Walks Suite 248,South Baileyport,25100,127.402207,24.0369075,
Tammy Sloan,16,892 Meghan Greens,New Tammy,11021,-54.425266,57.198517,
Monica Lee,72,974 Jessica Flats,Markton,36061,-123.047093,-80.4472495,
Adrian Green,96,21573 Gutierrez Curve,Wilsonstad,53843,-29.874017,-7.40634,
Michelle Clark,72,9757 Mitchell Pine Apt. 002,East Renee,49981,104.961566,-7.4601315,
Jimmy Holland,63,549 Deborah Square,Danview,6412,19.92095,-8.279529,
Evelyn Miller,58,276 Corey Camp Apt. 178,Allisonfort,72919,38.364376,6.098152,
Abigail Turner,57,8828 Myers Valleys,West Jimport,53835,-93.388184,77.321831,
Elizabeth Brewer,57,711 Perez River,Davisshire,9976,146.558878,-9.921427,
Charles Martin,39,67451 Richmond Knolls,Deborahchester,93419,76.125103,-49.951413,
Audrey Barker,110,19576 Hampton Rest,Lake Amy,43645,86.562678,71.7017905,
Victor Sanchez,111,2818 Evans Court Suite 663,Danielfurt,27622,-176.1497,-82.040301,
Eric Bautista,120,19860 Clayton Fall Suite 935,Hinesside,64796,-85.355943,37.3541595,
Sharon Evans,108,66173 Morrison Overpass,Toddtown,91708,57.835977,89.870623,
Melissa May,104,347 John Cliffs Apt. 597,South Eddiemouth,5582,-19.257596,76.4807705,
Sarah Pacheco,20,14023 Martinez Village,East Sherry,58612,82.628549,34.667399,
William Wood,42,87985 James Ports,Tylerburgh,76019,162.027019,-70.5555015,
Robert Chambers,60,7539 Hoffman Avenue,North Traceyshire,95812,98.229852,2.8576205,
David Patterson,45,767 Ortega Circle,Lake Juliechester,22303,157.786122,87.2812085,
Matthew Cole,14,27281 Aaron Ways,Bradleyside,75467,51.987998,16.0250045,
Roberto Hernandez,116,720 Brian Forge Suite 899,Port Angela,85935,-44.369503,-70.784418,
Tonya Taylor,90,950 Angelica Port,North Julie,57950,-10.066749,51.7740545,
Christopher Leonard,12,6598 Murray Roads,South Melissastad,20099,-94.137754,-14.9363795,
Russell Ortega,111,25265 Campbell Squares,Hernandezchester,39758,50.182888,50.4075045,
Jason Peterson,65,52043 King Grove Suite 859,Leonardfurt,12062,114.826532,23.4400705,
Cindy Flynn,14,6692 Thomas Valleys,Port Tonya,24307,-66.295231,-14.112166,
Jamie Washington,111,511 Jennifer Green,New Juliechester,90546,-173.081038,-8.137361,
Andrew Hancock,75,506 Vaughn Views Apt. 002,Stricklandberg,43415,-39.83653,50.8192095,
Karen Neal,96,018 Wilson Crossroad,Parkerhaven,74904,-89.034269,-34.6741235,
Rick Ramirez,7,8471 Wesley Circle,Donnaville,53095,56.209485,-31.039877,
Vincent Munoz,34,0883 Mitchell Cape,Kathleenmouth,94753,-107.36382,65.587237,
Meghan Scott,62,4902 Tonya Ports,Rayburgh,94830,-12.013994,-50.1842095,
Jason Ponce,16,499 Peters Coves Apt. 502,East Larryside,59676,-68.263437,-70.684174,
Mary Hicks,16,2339 Courtney Estate,Lake Krista,3446,81.331926,-87.9051835,
Stephanie Whitehead,97,78784 Hopkins Motorway,Garyburgh,20899,-82.035653,-22.4644715,
Benjamin Walls,89,0786 Faith Radial Suite 790,Kelleystad,12751,-164.706943,44.7947295,
Sandra Sanders,47,505 Kathy Mall,Petersontown,35958,-170.580103,13.878718,
Brent Davis,86,88087 Chris Flats,Lake Anthonyhaven,9650,172.020617,35.236312,
Kathleen Roberts,69,29287 Andrew Valley,Andrewbury,39038,167.35272,-46.922965,
Isaac Brooks,9,3682 Kenneth Ports,New David,63122,59.491017,33.119816,
Kendra Young,23,712 Miller Shoal Apt. 824,Glennburgh,14475,-44.207799,-4.8719535,
Stephanie Calhoun,112,97359 Michael Fall Apt. 789,Justinside,55011,-54.55555,39.8370895,
Carolyn Ward,94,43137 Williams Spur Apt. 700,North Jasonborough,61125,99.584044,-45.9488355,
Austin Dawson,85,45935 Jonathan Mill Apt. 404,New Michelleview,19686,-121.133707,-18.1256815,
Michael Davis,41,8305 Wright Harbor,Mcdonaldland,78780,-10.965455,24.3998505,
Amanda Jones,95,61051 Richard Meadow,New Malik,62187,-167.765867,-17.8651535,
Kristopher Ward,54,8596 Jared Crossing,Shaneton,52187,-103.582412,-30.989787,
Misty Ramirez,116,3603 Baker Viaduct Suite 924,Lake Allison,35665,-23.130731,-71.9734035,
Stephen Williams,56,2574 Kyle Cliff Suite 130,Jameschester,39948,117.945766,49.288948,
Jessica Ayala,7,70312 Deborah Ramp Apt. 269,East Thomas,54601,-75.510692,86.5160485,
Joel Ryan,76,92308 Maria Hollow,Bradleymouth,23704,-81.342086,-58.8484415,
Ashley Miller,78,1800 Nelson Mount Suite 770,Lake Elizabethview,76343,4.363909,15.191317,
Reginald Hurst Jr.,17,2276 Mathews Branch Apt. 290,Nicholasland,86009,-59.776735,25.060694,
Victoria Nichols,17,5623 Solomon Course,Port Christopher,91198,-142.112595,23.829622,
Stephanie Anthony,14,88913 Simpson Mall Apt. 122,Michaelland,51048,62.146174,-50.179719,
William Evans,51,8178 Mitchell Underpass,Lake Mathewtown,77577,-169.591211,-39.7183275,
Maria Weber,18,4052 Beth Flats Apt. 904,Guerraton,42698,141.06283,79.6341605,
Dustin Thomas,61,35563 Espinoza Point Apt. 752,Jessicaville,68792,-5.066016,-52.3556165,
Desiree Taylor DVM,119,1846 Hatfield Row Suite 829,Mooreberg,14427,-9.865967,45.6490735,
Joshua Miller,69,224 Joseph Plain,Lake David,82112,150.204579,38.740504,
Victor Riley,79,199 Moore Cape,Rebeccafort,35039,-95.399197,-65.7555685,
Lindsey Parker,26,2897 Lynn River,East Tylerhaven,72148,-103.101789,27.7689645,
Hannah Saunders,32,6768 Lynn Harbor Suite 856,Port Amandafort,28698,-7.011231,-36.2228905,
Theresa Hamilton,13,1743 Murphy Well,Lake Lisa,79759,136.780932,-14.18187,
Philip Yu,103,046 Cooper Isle Apt. 039,Sandersfurt,74506,-92.777881,-54.303459,
Bridget Long,94,30411 Wood Union,Lake Alex,88159,-27.624993,60.318987,
Blake Porter,23,018 Sherry Circle Suite 689,East Eric,33311,164.102164,23.942643,
Jaime Jackson,89,91392 Darren Loaf,New Dawn,68945,-49.466752,4.7921895,
Hannah Jordan,87,808 Smith Field,North Stephanie,37179,19.586824,-63.315875,
Christine Peck,76,11290 Riley Brooks Apt. 107,Lake Justintown,64499,158.406392,71.2388,
Nicole Franklin,32,49362 Howard Stream,New Kyle,20049,-81.786633,-24.1144355,
Charles Walsh,20,672 Wright Mountain,North Theresaview,63906,-142.715408,-32.586712,
Sarah Hendrix,105,019 Alan Landing,Lopezburgh,16140,84.678697,8.7944805,
Mark Sanders,108,786 Ford Flat Suite 844,Davismouth,79350,146.609547,67.6517855,
Jill Berry,28,66255 Johnson Skyway Suite 656,Longtown,90732,33.139737,31.2893915,
David Fuentes,94,5322 Anita Inlet Apt. 975,East Wayne,28707,-165.740188,-11.2825185,
Carmen Bernard,104,805 Martinez Field,Port Brandonton,53607,137.987022,8.40486,
Dr. Joshua Montgomery,16,6939 Courtney Station,East Nicoleville,59244,34.953224,65.363568,
Christopher Walsh,94,48884 Alvarez Station,South Ericview,71790,-70.896709,18.9567385,
Barbara Lynch,65,95260 Anderson Cliff Suite 449,Foxborough,21211,38.018738,57.2404045,
Thomas Colon,111,283 Joseph Springs Suite 059,Hollyville,71805,56.731196,-54.438771,
Christine Bond,114,569 Watkins Ford,Michelletown,30993,-106.39353,-51.0309695,
Michelle Bates,57,386 Nunez Shoal,South Cindyhaven,53345,108.839669,9.559904,
Karen Jones,13,70721 Alison Groves,Lake Francis,961,170.109503,52.809808,
Margaret Smith,28,66192 Sheryl Mission Apt. 277,West Lanceborough,45434,52.067445,25.6436435,
Samuel Walker,108,16822 Michael River,South Krystalbury,36780,70.513836,75.297963,
Luke Cobb,23,2377 Joseph Point,Reedmouth,61274,6.174745,57.095363,
Allison Edwards,22,309 Hebert Ridge Suite 477,Millerberg,96605,133.881817,27.9218325,
Lisa James,99,42678 Meredith Rapid Apt. 197,Victoriamouth,52417,29.160199,64.5111125,
Lisa Rodriguez,37,021 Lawson Run Apt. 303,South Keith,89375,6.922079,64.894962,
Tiffany Bowman,47,950 Martinez Fort,Karimouth,46531,-72.907591,62.960801,
Jason Barber,107,42734 Matthew Drives Apt. 560,Port Andrew,6542,-81.399954,-86.471584,
David Shannon,46,3919 Logan Park,Montgomerybury,11177,128.803025,4.8008765,
Patricia Owens,45,9270 Matthew Center,West Jamesmouth,93766,-168.409279,-41.6128595,
Kathryn Tucker,80,19994 Holloway Rapid,West Jason,66841,-45.798683,29.853603,
Todd Hunt,101,001 Walker Points Apt. 287,Beverlyfurt,9435,58.555657,-32.7163735,
Sarah Carpenter,52,91894 Andrea Mall,Gonzalezborough,31946,13.480139,60.432277,
Cory Morrison,14,8686 Mcfarland Rest Apt. 447,East Gregory,29170,-163.512173,72.0316325,
Bryce Vargas,75,8902 Ashley Shoals Suite 269,New Melissaberg,83081,161.756595,-81.4154305,
Nathaniel Gonzales,27,7378 Travis Mews Apt. 713,West Miamouth,4736,26.606248,77.527053,
Joseph Paul,107,04761 Joseph Wells,Port Jesse,32948,-79.003012,21.377687,
Kurt Poole DVM,63,1783 Kristen Points,Port Linda,80356,118.641745,-81.278299,
Kristen Shannon,18,850 Edwards Route,New Robert,74944,-55.433084,-55.8258735,
Jamie Ford,34,559 Hampton Parks,Andreafurt,34089,61.915167,87.078646,
Dr. Bruce Chase PhD,37,109 Fuller Streets Apt. 506,Barrport,72318,-114.427375,16.72693,
Becky Scott,88,6213 Cooper Streets Apt. 162,Colefort,67602,-16.122761,-61.997223,
Grant Smith,13,7982 Castaneda Cliffs Apt. 642,West Elizabeth,48780,124.347959,25.0833055,
Angela Moore,17,02333 Rhodes Center,Martinezbury,84658,-77.766966,-82.1300155,
Billy Garcia,60,1533 Manning Gardens,North Raymondberg,53967,28.903678,-32.179607,
Joshua Cardenas,116,2735 Amber Mall,North Jamietown,81180,-30.243978,-2.455745,
Jennifer Turner,62,411 Ryan Port,Freemanchester,66694,46.71954,-17.347858,
Jeffrey Carr,84,544 Philip Burg Suite 146,Nicholasland,68712,74.210375,62.231607,
Meghan Curry,50,593 Jeff Center,New Lisahaven,93741,107.795782,49.384311,
Christian Smith,13,72906 Garcia Trail,West Keith,27593,-86.523266,-85.512207,
Rebecca Simmons,21,73095 David Parkway,Danielville,1023,-32.072376,-51.9341035,
David Francis,90,4214 Hopkins Cliffs Suite 427,Williamsmouth,82441,-111.782663,-44.453368,
Scott Rogers,31,4223 Lopez Street,Stevenside,70141,11.101205,72.496872,
Megan Robbins,109,030 Ross Summit Suite 334,Adamsland,79859,83.001084,-30.350426,
Donna Kirk,64,56389 Kristen Avenue,Staceyview,61522,-79.727406,-35.9062685,
Danny Lucas,70,866 Veronica Ville,Smithburgh,31489,3.663944,-48.735383,
Mr. Paul Johnson,78,9141 Jarvis Forge,North Elizabethside,44788,95.371624,-59.743571,
Laura Scott,49,3882 Hahn Stream,Lake Alicefort,51311,108.849759,-12.194296,
Debbie Adams,14,459 Kelly View Apt. 877,Port Brittany,69847,-20.991032,56.3305535,
Kayla Knight,99,173 Alison Trail,West Jeffrey,77140,-88.361611,-5.662716,
Stephanie Holmes,120,80123 Mallory Landing Suite 320,East Justinshire,23508,-95.042023,-48.663777,
John Miller,80,076 Shannon Camp Apt. 561,Margaretton,13373,147.524597,36.713551,
Jessica Young,80,7947 Kathleen Track Apt. 025,Lake Zacharyburgh,64867,-85.718677,-42.11768,
Jane Wiggins,38,4407 Tiffany Parkway,South Daniel,41416,-14.033057,81.1717185,
Cole Craig,34,228 Jennifer Heights Suite 452,West Robert,66131,-98.342399,9.1434335,
Howard Nguyen,50,99475 Jones Station,Herreraville,14960,-171.603819,22.8436885,
Lauren Lopez,101,766 Snyder Springs Apt. 078,South Traceymouth,97227,-33.152656,58.230674,
William Schultz,107,60195 Smith Freeway,Shaneview,37205,100.307488,-75.777317,
Reginald Wilson,86,513 Denise Place Apt. 465,Lake Peterfort,27626,134.491988,-36.322232,
Brandy Smith,77,647 Jackson Drive,Steventon,73745,164.056568,87.7512335,
Margaret Davis,36,168 Johnson Turnpike,Richardston,53854,-86.320318,-56.584614,
Susan Olson,110,2759 Garcia Ports Apt. 942,Jensenmouth,78002,-165.391726,18.589854,
Brian Valdez,71,13158 Church Skyway Apt. 298,Port Jessemouth,72845,-155.611569,71.9214725,
Margaret Waters,27,9083 Solis River Suite 670,New David,98887,-125.061053,75.442641,
Ariel Graham,24,5331 Avila Grove Apt. 301,South Amy,97848,-67.105212,43.3980385,
Megan Schultz,17,50786 Zachary Glen Suite 116,Moorehaven,21133,86.126669,-29.9084245,
Samantha Byrd,85,9654 Anita Station,West Mikeburgh,23409,38.181958,58.1970515,
Cathy Vasquez,37,9634 Johnathan Camp,Catherineshire,28821,24.791456,38.746463,
Breanna Owen,39,87320 Dustin Mission Apt. 041,Allenbury,52520,-112.86148,-28.0610405,
Luis Snyder,76,617 Phillips Valleys Apt. 260,Shelleyshire,55259,-18.905553,-79.305149,
Karen Henderson,65,649 Peter Parks Suite 829,West Amy,36444,-78.600008,50.269351,
Jessica Berry,7,62853 Campbell Via Suite 506,New Nicole,29794,-148.487441,-52.098737,
Steven Simpson,11,966 Nicholas Canyon Suite 673,Wrightstad,34244,110.244542,-59.4270095,
Ashley Garcia,45,16456 Stephanie Harbors Apt. 633,New Jefferytown,97473,148.515834,89.220317,
Terri Brown,16,5935 Gary Lights Suite 480,South Lindseyfort,69837,6.03968,-57.520053,
Steve Matthews,56,201 Smith Grove,Barbaraville,97488,-11.714289,65.9587435,
Sally Alexander,47,8089 Marks Locks,Kevinmouth,66079,-75.6751,-18.818201,
Heidi Turner,98,565 Newman Mall Suite 360,West Alison,40018,128.297167,67.1590775,
Sarah Petty,96,52842 Kyle Estate,Diazmouth,53920,105.725154,35.2894475,
Jonathan Levy,95,267 Harrison Stream,Smithshire,3508,29.543506,-38.440508,
Antonio Moreno PhD,69,648 Ross Walk,Christinaville,33538,-132.104729,80.4801,
Keith Murphy,114,0063 John Mission Suite 661,West Ritatown,92177,31.25262,27.1220785,
Drew King,35,112 Jose Forest,North Derektown,61639,128.651513,-83.27596,
Todd Erickson,99,144 Curtis Crest,West William,73616,53.287438,-5.856292,
Maria Patton,24,23906 Reed Pines,North Brenda,92179,137.393779,-51.9917515,
Jon Parker,101,68169 Mayer Curve,West Crystalborough,41330,43.766097,-0.218978,
Linda Roberts,80,2279 Dominique Lodge,Adkinschester,56067,-134.268268,-85.5035435,
Deanna Salazar,76,35312 English Trail Apt. 504,Smithside,51684,30.982184,-63.9843705,
Troy Brown,12,72378 Foster Hill,South Nancymouth,31532,-52.37212,-86.1817995,
Melissa Brady,12,9355 Hunt Bridge Suite 259,East Megan,63756,120.281108,40.1748235,
Steven Santiago,44,44498 Wood Ford Suite 735,Brownstad,5725,-139.209416,13.446288,
Kimberly Perez,94,21745 Johnson Loop,Port Shirley,98121,132.323624,25.2935255,
Emily Sandoval,14,508 Pamela Divide Suite 302,New Sheri,68495,91.565952,39.237112,
Justin Morgan,107,106 Dillon Radial,North Sophia,53866,-82.369443,-16.048773,
Justin Woods,89,982 Christian Ports Suite 538,Kristineshire,79884,29.917669,51.472897,
Joseph Wood,54,95477 Richard Rapid Suite 819,Lake John,38035,85.313571,7.367324,
Daniel Espinoza,33,0863 Bishop Garden,East Angelaside,25383,-88.286373,51.1286875,
James Woodward,44,572 Amy Common,West Ronald,88303,-83.523225,0.8004555,
Tyler Clark,115,4576 Moore Junction,Joyceview,1826,38.901847,40.4184235,
Regina Edwards,108,790 Amber Heights Suite 235,Raymondborough,82835,152.198049,26.67456,
Joshua Yu,20,44376 Lane Mountain Apt. 329,Christianland,13785,91.977882,-1.607209,
Stephanie Smith,61,868 Mcintyre Station Suite 531,Watkinsland,78647,64.188534,-46.6025985,
Shaun Nash,19,0469 Bass Port,Kirktown,89313,-15.390781,36.1209075,
John Mata,11,9833 Joyce Stream,Richardston,65804,-134.203831,-25.4705955,
Rebecca Rodgers,84,58805 Shah Gardens Suite 495,South Christopherberg,97744,33.330765,-34.397038,
Elizabeth Cross,117,242 Nicholas Lodge,South Deanna,58928,-138.055403,-13.359604,
Bridget Hicks,27,200 Todd Tunnel Apt. 955,Churchburgh,68093,109.739741,-57.9960275,
Susan Bautista,26,527 Carter Highway,New Richardhaven,45350,25.797124,-31.3018175,
Kathy Dougherty,119,17711 Marvin Plains Apt. 795,East Julia,85105,-121.225565,-81.861652,
Autumn Davis,66,9208 Frances Union Suite 257,East Tina,83565,173.809395,17.28823,
Victor Sanchez,13,0284 Nancy Roads,Port Nicole,4489,-170.742511,-5.5541885,
Robert Walsh,120,60857 Priscilla Spring,Taylorton,58613,-28.779083,84.179017,
David Bowman,66,10306 Pamela Parks,West Susan,24768,94.402667,-46.776226,
Alison Jones,18,89070 James Green Apt. 546,New Jillville,91120,82.241058,-18.325186,
David Perkins,79,8407 Teresa Hill,South Devinville,77881,68.822913,-39.6077305,
Lauren Lawson,106,6893 Cheryl Well,West Karen,95511,-7.742699,13.3910475,
Eric Perez,110,843 Robinson Orchard Suite 474,Mcintyrefort,68059,-115.71271,76.9879335,
Amanda Hamilton,95,9738 Landry Spurs,Kerrishire,1315,179.041329,-40.932492,
Mrs. Peggy Middleton PhD,100,0386 Brenda Roads Apt. 111,North Drewtown,66897,-155.932233,-26.394396,
Jessica Freeman,79,51324 Michael Field,South Henry,28106,36.633828,-6.8592685,
Steven Bryant,74,6275 Brown Island Apt. 885,Port Kendrachester,18359,-129.873175,84.572392,
Kimberly Santana,29,6104 Debbie Stravenue Suite 448,South Jimmy,57674,13.74937,49.480605,
Hayley Walker,13,980 Stein Turnpike Suite 691,Alexandratown,10046,114.621137,-34.926852,
Jamie Hernandez MD,73,55572 Ronald Garden,Nicholebury,50749,45.073269,36.302974,
Mary Hunt,99,316 Daugherty Course Suite 878,Debraside,43208,-165.108356,13.635738,
Ronald Sanchez,14,298 Amy Mount Apt. 329,Port Jodi,50446,-98.703128,-83.2099255,
Sara Morris,87,80495 Perez Lane,Rodneyhaven,8444,-32.75034,-78.2383025,
Jordan Rivera,63,69100 Jason Estates Suite 732,Andrewberg,63235,0.789505,-50.66607,
Larry Thomas,56,4778 Delgado Junctions,South Jillianberg,10761,51.625217,-16.20192,
Mary Anderson,23,7820 Garcia Greens Apt. 239,Lake Jesseland,66581,-22.536551,-41.278521,
John Williams,71,835 Hatfield Expressway,Port Evelyn,2664,-1.818227,82.1369665,
Tina Rose,12,849 Nguyen Expressway Apt. 672,Taylorside,96067,-68.598791,-1.4246475,
Steven Blackburn,85,506 James Villages Suite 340,Lake Patrick,63790,-131.970614,-47.1547915,
Lindsay Hensley,47,638 Proctor Drives,Dianaburgh,68882,41.860759,-56.365334,
Dominique Jenkins,83,710 Simmons Drive,North Megan,45960,154.340696,37.6436075,
Gloria Dougherty,41,8575 Reed Falls Apt. 127,New Kennethberg,73346,-90.296189,-56.745991,
Michael Jones,12,3893 James Vista,Adamshaven,10407,-152.307696,35.398312,
Mr. Joseph Chen,95,7185 Mallory Key,Estesbury,69286,-87.964618,70.570921,
Mr. David Rasmussen,78,509 Peterson Pass Suite 926,Lake Sarah,8433,-5.864481,-49.4446165,
Nicholas Davis,87,1410 Pace Common,Pearsonside,49626,14.015003,47.915706,
Amy Douglas,81,3794 Stewart Lodge,Johnsontown,21876,68.052198,43.243353,
David Fleming,85,871 Lopez Turnpike Apt. 695,North Sarah,97877,-34.781848,63.7554955,
Emily Smith,114,23525 Johnson Lodge Apt. 722,Lake Jenniferland,7239,73.598286,-54.552197,
Phillip Hayden,45,64815 Baldwin Bridge Suite 005,Alexandraside,57815,-88.224726,-34.617795,
Mark Henderson,104,4175 Combs Route,Jenniferbury,82562,103.050704,-10.1421505,
Jacob Williams,51,5155 Yvette Common Suite 488,Lake Carolynville,59271,-150.163589,88.2556545,
Aaron Pierce,107,339 Hall Stravenue Apt. 356,Troystad,2202,-123.78975,-3.93934,
Suzanne Ramos,92,5697 Jennifer Rapids,North Caleb,8794,43.756527,55.7908145,
Joshua Jenkins,13,662 Fuller Port,Wyattchester,13008,122.646869,40.2697475,
Jessica Dean,61,301 Charles Lock,Williamborough,12761,-91.893248,-61.3385245,
Adriana Miles,17,39860 Reyes Prairie Apt. 777,East Robertville,92971,-122.690633,-1.7181375,
Daniel Kelly,68,594 Dustin Burgs,New Monica,67333,-72.03463,-59.9207785,
Tyler Pacheco,32,0773 Rodriguez Valley,North Markside,83516,-146.223228,-30.437295,
William Richards,11,1977 Henry Trafficway,North John,51762,52.704653,-84.0509935,
Nichole Bush,87,15873 Jennifer Isle Suite 691,North Rebeccamouth,32306,-79.820081,-12.485521,
Matthew Petersen,12,8815 Zavala Court,West Andreastad,54392,92.748772,-60.4723645,
Daniel Smith,56,73761 Autumn Walks,West Beth,58583,-168.23504,-33.9311805,
Cheyenne Williams,17,583 Love Crossroad Apt. 887,Woodwardport,86277,-155.585565,-53.042461,
Kara Lee,65,87196 Flores Square,Jefferystad,42852,-7.089643,-3.5374225,
John Smith,73,7301 Adkins Port,Alexandrafort,89368,49.751896,65.169164,
Maria Garcia,100,27159 Banks Burgs,West Anthonyfort,99866,-26.919905,-52.8365635,
Heather Sawyer,55,8004 Newton Path,East Cody,89930,-133.505098,-89.6518515,
Robin White,48,89847 Burke Lodge Apt. 421,Port Timothy,98646,176.148684,61.2188645,
Jacob Gray,104,908 Zachary Rapid,Port Laurabury,9163,-4.115954,-17.8494035,
James Moreno,45,825 Banks Tunnel,Jackstad,39971,-115.776894,46.3005505,
Jaime Pearson,36,56594 Anna Ford,Kimberlyview,65694,48.192825,-84.59111,
Michael Turner,110,13288 Hernandez Underpass,West Courtneychester,66329,123.622167,-41.6498665,
Clifford Bates,83,87529 Olivia Shore Apt. 836,North Danielle,87381,134.172214,0.05421,
Victoria Allen,38,72976 Harris Fields,Port Robert,7201,-120.503862,-88.8073325,
Judith Lewis,32,7049 Maxwell Rapid Suite 579,Walkerview,74221,-175.429255,0.056845,
Evan Jenkins,27,388 Tracy Harbors Suite 774,New Cherylton,30105,11.109441,6.9426065,
Dillon Howard,32,128 George Ridges Apt. 661,Lake Thomas,30079,-165.293165,60.0958425,
Dr. Katherine Montes,50,60041 Moore Prairie Apt. 826,Donshire,49001,43.037083,28.9443815,
Alyssa Bowers,103,8737 Johnson Drive Suite 054,Miketown,22751,119.632216,-5.7247915,
Bruce Mason,59,03724 Levine Hill,North Janehaven,78158,-159.25257,38.0689515,
Brittany Sanchez,29,034 Peterson Mall Suite 451,East Megan,16853,-85.069373,25.225755,
Mr. Jeffrey Johns,40,131 Williams Knoll,Susanchester,92379,145.250925,23.613022,
Chloe Goodwin,57,499 Victor Hills,Lake Amychester,91461,63.394595,-38.927279,
Amanda Hale,69,69864 Elizabeth Camp,New Markberg,8266,134.261372,73.7254695,
Anthony Murphy,66,19324 Ferguson Springs,East Peterfurt,84515,142.050389,-47.7854115,
Jason Anderson DDS,17,709 Kim Mill Suite 297,Sandrashire,59891,144.928618,30.243619,
William Ball,13,94829 Guerrero Way Suite 061,Bakerville,79537,90.052943,-41.889945,
Maria Garcia,59,18251 Contreras Shoals Suite 602,Mooreshire,85219,-80.593444,-51.542645,
Kelly Welch,67,2610 Castro Station Apt. 627,Kanestad,96542,-132.211192,-75.9390455,
Steven Mejia,55,805 Hill Rapids Apt. 699,South Fernandofurt,2036,110.253412,-42.5910075,
Keith Ball,27,975 Bryant Burgs,New Reginamouth,60458,-58.857864,-20.574087,
Lisa Stewart,76,0211 Anderson Summit,Brookestad,75431,-57.744323,1.600133,
Linda Thompson,18,0465 Travis Village Apt. 790,South Matthewton,88650,32.038014,75.754287,
Ian Atkinson,95,52422 Alexandra Mountains Apt. 426,Lowestad,72915,119.754381,-28.8322305,
Sarah Mason,64,22494 Chad Burg,North Allen,80019,4.714188,-45.446941,
Randall Watson,85,47285 Harrison Mill,West Kathyfort,97665,19.833712,12.0243625,
James Alvarado,38,9329 Alexander Skyway,Mccormickhaven,3627,91.390897,-57.008598,
Russell Harris,60,1051 Garcia Lake Suite 178,Brookechester,33145,-87.9414,73.9200325,
Melvin Wise,61,9849 Estrada Centers,Taylormouth,18470,-67.715851,35.820485,
James Williams,93,96628 Colleen Court Suite 388,Port Jenniferville,91313,-41.857663,-55.092444,
Emily Garcia,34,229 Walls Gardens,West Sherry,99704,98.608263,-57.4540685,
Jennifer Nichols,51,926 Sean Glens Apt. 143,North Tracyport,48222,137.197656,13.482928,
Nicholas Navarro,51,37360 Medina Lane Apt. 007,Taylorview,94053,175.998025,-44.2338785,
Stephanie Miller,73,06060 Rhonda Spur,Lake Patrickbury,7196,-63.043772,75.386375,
Leah Phillips,43,4180 Hooper Center Apt. 720,South Melissastad,18788,-45.331785,28.335227,
Rodney Curtis,58,459 Sampson Trace Suite 525,Rebeccastad,35746,100.960186,30.7756535,
Cynthia Hughes,32,73562 Betty Manors,Douglasbury,87352,128.165642,-8.0703185,
Anna Li,92,21514 Rhonda Summit,Lake Brian,6958,-177.074031,-25.858724,
Douglas Contreras,31,38552 Hunter Mountains,Robertberg,89102,29.486675,63.8094445,
Catherine Campos,65,94812 Knight Crossroad Suite 287,North Lorraine,94444,-96.522034,71.8490105,
Adam Smith,66,165 Galloway Mountain,Simmonsshire,69077,-98.445556,-51.915306,
Paul Taylor,86,37956 Glenn Ridges Suite 047,Charlesport,73293,-157.384796,-43.988697,
Lisa Singleton,44,717 Patel Brooks,Lake Bradleyfurt,86983,43.473156,-9.8151325,
Jennifer Hines,20,493 Hammond Union Suite 402,East Sydney,28486,-112.35133,53.854454,
Lynn Kelly,29,14201 Morrison Square,Brownbury,32092,-0.554903,25.8632115,
Michael Aguirre,61,1101 Nicholas Harbor Apt. 741,Cannonton,75029,53.549934,4.4852375,
Brent Leonard,33,494 Johnson Cliff,Brownborough,85959,41.052016,24.091602,
Emily Marquez,119,01762 Daniel Brook,Port Michael,32102,-5.313777,-49.8855835,
Tom Pacheco,73,640 Schneider Causeway Apt. 373,Jesustown,74226,159.363649,50.315638,
Monica David,36,3149 Hernandez Valleys,Dennismouth,25688,53.074034,65.470899,
Vanessa Boyd,119,13400 Ford Skyway,Moorehaven,37391,13.879639,-71.5996345,
Kelly Kelley,106,4327 Watson Circles Apt. 813,Smithview,94949,-83.935928,2.735382,
Matthew Paul,27,654 Matthew Place,Randytown,19650,-178.462351,60.2166365,
Christopher Dixon,77,4934 Nelson Viaduct,Lake Jesse,94690,40.218413,-48.3722345,
Dr. Beverly Gill,50,3190 Nguyen Courts Suite 650,South Amyville,5056,-94.388714,-88.8404615,
Suzanne Miller,29,95268 Moore Hills,Port Loriside,63871,-127.056958,51.465126,
Susan Davis,66,220 Rogers Bridge Apt. 869,South Natalie,40121,-42.360953,-46.1400835,
Christopher Fuentes,32,63467 Angela Ville Apt. 194,Walshchester,54387,71.12959,86.2450085,
Jimmy Anderson,93,7233 Nathan Estates,Kimberlystad,38438,-57.698606,8.13388,
Caitlin Rasmussen,49,939 Hernandez Coves,Lloydland,32909,164.541688,-72.823276,
Lori Brown,107,13242 Caroline Well Suite 844,Jamesmouth,5267,-162.728649,-62.033765,
Brianna Hogan,29,741 Kayla Drive,Port Zacharyburgh,90235,-71.413952,59.501006,
Richard Hatfield,40,18804 Thompson Camp Apt. 689,Riverafurt,12781,166.604187,62.275454,
Cody Foley,60,185 Lopez Isle Suite 069,South Jessicastad,94133,-133.586624,-37.6925305,
Nathan Johnson,45,89917 Berger Pike,West Daniel,22251,46.756636,-31.3126755,
Stefanie Clarke,108,271 Johnson Path Suite 607,North Brittany,33173,-17.199871,49.6599995,
Crystal Anderson,66,933 Davis Well,Lake Mathew,81487,-75.269731,-81.3797195,
Ronald Graham,23,44786 Kristine Cove,Jamesshire,80731,-96.264716,-37.7464525,
Angelica Randolph,31,42918 Victoria Centers,South Cassie,9903,-134.295937,39.5549715,
John Dunn,76,82544 Barron Spur Apt. 790,Lake Matthew,40606,-31.761445,-58.5225285,
James Griffin,61,75564 Andrea Extensions,Vincentstad,55697,-110.222647,-65.5389265,
Jason Lyons,62,5537 Lindsay Estate,Gouldfort,78297,77.805092,-20.027673,
Michelle Mccormick,80,86602 Duncan Spurs Suite 284,Howardborough,4720,-136.675724,-10.546727,
Sara Lyons,53,968 William Viaduct,North Angela,45116,122.265671,-49.2309485,
Shelley Cook,39,2534 Rodriguez Lock,East Douglasside,71954,95.001385,82.495328,
James Lopez,90,00435 Byrd Station,Hortonborough,89511,19.89632,-16.968717,
Christopher Armstrong,105,050 William Pass Suite 417,Williamton,62940,57.324491,5.496644,
Anthony Smith,86,64283 Ronnie Green,South Victorialand,29840,87.804218,83.697199,
Melissa Clayton,116,35786 George Street,Lake Jamestown,11358,-113.651226,-44.5095645,
Christopher Hardin,47,53316 Melissa Terrace Apt. 409,North Patriciaborough,28376,110.634727,44.852298,
Robert Hernandez,97,441 Yang Course,West Katie,52808,127.27286,62.1871675,
David Smith,80,38983 Anderson Isle Apt. 462,Allenfort,99826,125.004111,-83.130543,
Erin Owens,82,3389 Paige Turnpike,Higginsborough,96752,42.791048,-20.4573815,
Jessica Barker,90,2536 Anne Walks,Edwardschester,95821,-3.54605,-81.529471,
Brian Jones,18,5591 Andrea Lodge,Port Matthew,59978,-24.279126,10.0662565,
Stephen Diaz,103,62046 Mitchell Brooks,Port Heathermouth,35754,55.669932,57.9650315,
Ashley Ortiz,25,065 Roberson Vista,Port Jessica,86856,-39.294556,-79.1226665,
John Nichols,11,225 Delgado Flat Apt. 089,New Melindaville,52264,47.279987,81.2024945,
Jamie Johnson,73,6050 Jacob Villages Apt. 671,Bradleychester,22707,-130.574853,46.326762,
James Allen,27,789 Harris Wells Apt. 671,North Leahhaven,37861,160.891487,-85.4042345,
Sarah Hill,42,3256 Gallegos Island,West Mary,20503,33.529905,-4.8269175,
Cynthia Robles,105,9845 Mark Vista,North Donna,88482,-115.481337,-37.0639395,
Kristin Schaefer,110,979 Martinez Fall Suite 350,Johnberg,35246,-129.664297,9.5787205,
Bradley Kennedy,81,689 Paul Streets,Johnstonburgh,86516,109.171719,8.8611775,
Jodi Jackson,84,081 Smith Plains Apt. 233,Dixonmouth,8014,-151.868484,54.1576705,
Timothy Macias,60,52986 Perez Pine Suite 640,West Amanda,92179,-43.150349,-81.5504935,
Michael Foster,15,661 Warner Lodge,East Calvinview,64279,58.472919,5.3893825,
James Houston,33,307 Johnson Mill Apt. 737,Lake Jessicachester,15872,33.057837,41.500247,
Dr. Hector Vasquez,21,801 Michelle Plains Apt. 662,Peterville,81147,107.650437,-21.1155835,
Gregory Copeland,84,0667 Stewart Brook,West Aaronberg,57688,11.316131,-31.710037,
Chelsea Smith,8,74791 Joseph Spur,Ramirezfort,10872,-149.596033,-56.7217195,
Dr. Cheryl Stevens DDS,111,20660 Christopher Neck Apt. 429,Ericchester,26075,74.295327,-67.1319055,
Andrew Clark,21,7078 Cindy Island,Port Natalie,73622,38.193992,29.3819155,
Frederick Young,102,7518 Smith Vista,Martinezstad,84364,85.241887,67.500689,
Linda Randolph,22,354 Young Landing,North Michael,29602,105.462828,-77.296397,
Edward Shepard,61,3029 Reeves Inlet Apt. 656,North Samuelbury,84112,-158.003835,33.0233295,
Christopher Macdonald,10,373 Monica Valleys,Timothytown,32660,-167.028664,79.384446,
Nicole Cooper,86,5450 Ashley Viaduct Apt. 020,East Travis,47806,137.289482,-19.9559795,
Jennifer Garcia,18,4145 Troy Rue,Wallacemouth,50913,71.269241,-22.09474,
Amber Mullins MD,60,65836 Knight Road Suite 922,Mistyfurt,4130,-102.361619,-29.343784,
Holly Reid,45,6150 Mccarthy Street,New Andrewland,45844,-76.564358,0.8952375,
Sean Bass,17,1968 Matthew Bridge,West David,98472,82.818882,-78.7114625,
Michael Griffith,50,2160 Porter View,Mathewton,67298,-92.676854,82.1098455,
Mr. Bruce Wong,9,3180 Julie Knoll,Nathanielton,18146,-137.580199,37.133385,
Selena Simmons,99,47513 Jennifer Curve Apt. 653,New Kristinburgh,35396,-1.750056,-67.433786,
James Fisher,108,253 Roberts Square,Tanyastad,58406,123.982965,-9.023182,
Kevin Hudson,72,06628 Mcdonald Pines Apt. 170,South Donnastad,14124,33.603578,76.602672,
Erica Moore,11,7064 Barbara Crescent,Paulfort,61683,-10.935804,-9.403949,
Jennifer Henderson,71,23297 Brittany Squares Suite 519,South Donald,1802,126.04152,19.607464,
Kimberly Smith,21,423 Brittany Mountains,Lake Kevinberg,7177,72.913689,-6.599609,
Wendy Cole,77,380 Shields Cliffs Apt. 129,Lake Kennethberg,48355,119.665163,71.420283,
Mrs. Amy Choi,32,9090 Watson Centers,Lake Matthew,60169,152.28467,85.4242415,
Nicholas Willis,93,299 Holland Key,Mathewmouth,81765,79.163395,-42.289355,
Kevin Robinson,56,47854 Jenna Cliffs,East Juliebury,77599,-135.375346,12.4239615,
Ashley Craig,109,9627 Cardenas Squares Apt. 407,Katieberg,26491,94.612449,-10.660829,
Kara Gonzalez,120,096 Kevin Plain Suite 300,Torresfort,89694,162.517026,-36.2776115,
Sarah Riley,17,1507 Davis Hills,South Amandaside,44412,-56.261676,36.5949225,
Eric Ho,30,0454 Perry Island Apt. 023,Port Monique,75538,-69.836841,-17.2953605,
Cynthia Davis,79,95004 Mason Track,Brandonport,97507,-13.926351,22.227192,
Bonnie Curtis,106,1125 Webster Groves,North Melissachester,5715,-131.809574,-50.163616,
Maurice Herrera,120,915 Owens Parkway Apt. 549,South Scott,93819,37.185665,24.7601945,
Timothy Kim,64,928 Black Orchard,Port Matthewmouth,52172,1.05302,72.235404,
Raven Rodriguez,78,686 Amanda Flat,Brendaburgh,27819,114.039781,-66.021251,
Robert Navarro,26,789 Lori Station,West Courtney,80815,125.95776,6.698651,
Heather White,107,695 Duran Light,Hodgesport,94521,19.015696,-17.5878155,
Daniel Clark,55,79030 Amanda Trace Apt. 825,Collinsview,43274,176.956651,36.1975365,
James Wade,18,5290 Michael Roads,East Chris,31086,-1.867649,-2.611717,
Jeffery Park,14,539 Michelle Isle,West Brian,48907,163.231543,67.7145055,
Cathy Pearson,13,80229 Sarah Center Suite 795,Ochoaborough,23583,66.529986,-52.4793895,
Barbara Goodman,109,25893 Brittany Mills,Jackchester,11269,95.606434,50.985742,
Jennifer Rich,28,9963 Sarah Skyway,South Josephland,42749,74.193189,11.835135,
James Garcia,110,17305 Richardson Viaduct,West Joseph,17132,19.515725,-38.483102,
Julie Smith,89,54938 Richards Curve Apt. 804,Patrickbury,753,177.808649,2.4408465,
Julie Rivera,71,271 Jordan Springs,South Biancahaven,55079,45.580242,-34.7637225,
Brian Carlson,49,065 Thomas Manor Apt. 590,Marymouth,41318,172.794113,-41.9598335,
Tiffany Gomez,58,3656 Roger Roads,South Dana,72670,-119.430686,23.6331695,
Matthew Zhang,80,1837 Gentry Shoal Apt. 161,West Jesse,54473,34.234507,-16.8203955,
Chloe Howard,70,5229 Jason Key Apt. 130,Gregoryberg,19162,-63.79708,-31.241724,
Jonathan Whitaker,47,949 Lauren Junction,Tiffanytown,75798,136.897467,-49.636825,
Jacqueline Ford,75,02361 Larry Mission Suite 627,South Harry,2890,87.920073,-42.1941145,
Cole Thomas,72,40769 Marilyn Road Apt. 668,Velezville,12580,140.791745,-62.3718285,
Ashley Chapman,24,0489 Clark Forges,Matthewmouth,18522,-134.450412,55.1193995,
Leah Lawrence,81,5889 Charles Summit Suite 372,Doyleborough,19312,-25.25185,3.257769,
Crystal Perez,24,71350 Kenneth Alley Suite 133,Clintonborough,54801,-121.634221,-87.63424,
Timothy Brown,71,87609 Walker Mountain Apt. 011,West Marissachester,82905,66.482131,40.1489765,
Pamela Thomas,98,325 Taylor Extensions,Lake Davidbury,19267,153.625601,-49.7851255,
Patricia Williams,24,4592 John Pike Suite 829,North Jaredland,93047,-31.520368,-62.1338415,
Frederick West,20,41245 Rice Trail,North Danielleshire,54726,114.393066,14.5184095,
Jennifer Sanchez,85,733 Newton Greens,Woodshire,43855,-55.032952,28.1564,
Daisy Walker,70,407 Gonzalez Motorway,Stewartview,77311,125.05872,46.6630205,
James Ochoa,102,30435 White Neck Suite 535,Amyhaven,7145,141.068181,-40.7535585,
Chad Williams,50,8822 Brewer Oval,South Ronald,7273,172.356944,17.8361295,
Mr. James Weber DVM,17,2989 Padilla Prairie Apt. 819,New Nancy,85741,122.813654,76.870901,
Mark Weaver,36,98371 Walton Port,South Laura,18708,144.103439,60.2281915,
Steven Martinez,62,1874 Howard Dale,Port Jocelyn,99180,-170.660883,62.493698,
Cindy Phillips,94,85413 Williams Shores Apt. 757,Nelsonside,78968,101.290134,-47.515031,
Joan Daniels,18,6748 Mercado Courts,New Frank,82277,132.43388,5.647866,
Aaron Arnold,17,272 Donald Meadow,Georgeport,69459,-36.603273,28.6501445,
Johnny Castillo,79,913 Fisher Pines,Port Thomasberg,73318,-121.065993,-24.799224,
Susan Harris,105,9691 April Camp Suite 526,South Karen,38925,24.222483,83.4050625,
Danielle Bowman,8,863 Obrien Fields,Laurenside,74359,138.039752,14.483765,
Megan Russell,24,96456 Krystal Meadow Apt. 802,Lake Amyfort,29659,-160.693017,-37.897341,
Madeline Hunt,62,1413 Hicks Trail Suite 157,Bentonland,9576,55.304987,-47.289796,
Heather Sanchez,9,7732 Angela Squares Suite 171,Port Lauriehaven,12488,-125.433478,5.0819565,
Michael Stevens,7,840 Obrien Dam Suite 923,South Emily,91712,44.154785,41.4856905,
Brandon Lee,119,114 Davis Motorway,Curtisfort,15635,101.728696,-3.9683665,
Maria Barnes,86,89157 Dustin Plains,Mendezburgh,49403,-40.862623,87.4953225,
Angela Castillo,109,4944 Brandon Alley,New Michael,62289,51.105515,57.457234,
Jeremy Kennedy,18,816 Cruz Bridge,Hernandezburgh,99615,128.344431,-26.131558,
Lisa Brandt,116,2332 Foster Rest Suite 951,Rebeccafurt,35440,-124.579749,-6.02774,
Adam Sampson,95,1594 Jennifer Neck,Traciborough,29488,-159.499953,-86.765769,
Ryan Johnson,60,92090 Rivers Fork,Whitestad,37743,-149.97567,86.7393265,
James Johnston,106,23473 Booker Lakes,Sototon,63791,-30.930638,-9.9376185,
Matthew Moody,10,906 Reid Spring,East Derekside,43382,165.825626,-39.7015885,
Miranda Jennings,12,959 Williams Corner Apt. 239,Lake Katherine,32004,119.538219,-7.0800915,
Amy Nichols,93,86568 Cantrell Stravenue Apt. 113,East Yolanda,49784,110.620069,-9.0022845,
Miguel George,49,90209 Smith Place,Cynthiatown,20685,169.796722,42.2478615,
Tara Gallegos,50,42925 David Union Apt. 204,Mcbridemouth,7197,160.071469,-13.649263,
Heather Kelly,45,072 Blake Isle,Wongberg,17018,173.247792,6.1767335,
Jessica Brown,80,2838 Mitchell Extension,East Nicholastown,78519,155.741434,21.985887,
James Riggs,87,975 Watkins Circle,Lake Jasonstad,48636,149.618204,52.006129,
Lindsey Navarro,10,6767 Robinson Run,North Emma,14536,-87.163135,-65.480562,
Donald Williams,67,3818 Hunter Pass,Amyside,47134,150.49565,-76.485418,
Charles Butler,12,1457 Sharon Highway Suite 952,East Emilymouth,22718,54.682764,-23.995354,
Thomas Reilly,48,62831 Mary Mall Apt. 129,Scottton,22058,-21.091469,-84.923804,
Richard Richardson,9,2399 Brown Burgs,Garzaside,13537,123.464183,-27.0129145,
John Proctor,25,24391 Peter Place,New Johnbury,46206,-106.03176,60.762595,
Randall Porter,96,50817 Carol Camp Suite 191,South Carrieport,81885,-41.648874,-76.6669885,
Randy Fitzgerald,98,368 James Fords,South Carlos,74201,-131.597306,-49.557183,
Samantha Webster,101,85176 Emily Wells,Perkinsshire,1984,-156.655437,26.783084,
Miss Alyssa Morales DDS,115,26735 Alexis Crescent,East Andrew,56024,-7.933906,-37.1575275,
Jacqueline Hayes,56,3136 Guerra Turnpike Apt. 613,Granthaven,66815,74.475152,-83.392577,
Christian Gardner,85,86138 Shannon Camp,Garzaville,42391,169.781436,-17.548977,
Kristen Summers,47,458 Linda Manors,West Davidborough,61973,15.68539,-17.030034,
Jessica Brown,65,3936 Osborne Street Suite 372,Denisebury,47380,133.145145,38.9563805,
Daniel Lozano,25,12579 Wong Union Apt. 938,Murphyshire,21273,80.711247,85.342917,
Alison Woods,54,74462 Flowers Bypass Apt. 375,Matthewchester,55791,82.395378,60.7958325,
Rhonda Weaver,106,489 Robert Loop Suite 523,Brianville,77070,-89.256887,31.7343135,
Thomas White,71,74038 Johnson Drives Suite 810,West Jonathanstad,15987,71.346353,31.883745,
Ashley Soto DDS,72,34624 Rose Path,Lake Kimberly,92063,28.115548,-47.773593,
Sonya Mack,30,21515 Bailey Freeway,Port Alyssa,45343,-20.931355,-8.664753,
Christine Blake,67,78369 Mccormick Way Suite 769,North Richardstad,16457,89.336114,29.6408455,
Kevin Smith,40,87587 Greene Pike,Timothyton,51855,141.025954,-71.0308405,
Jeffery Vance,85,3385 Jill Circle Suite 354,Chavezborough,69918,-16.091325,-13.503051,
Kelli Diaz,60,5143 Davis Village Apt. 204,Vegashire,42322,-102.586014,42.689423,
Kelly Sullivan,120,507 Jose Lights,Grossland,75444,-63.729051,-67.6230145,
Melissa Cruz,75,3391 Daugherty Springs Suite 798,Fieldsland,76007,95.650419,-10.436872,
Kristina Ryan,85,8798 Hector Ways,Gonzalezfort,83213,-26.205761,-15.13056,
Lauren Martin,57,914 Nguyen Station Apt. 953,Lake Jose,16757,-110.201763,-15.192823,
Jonathan Houston PhD,63,315 Stephanie Cape,Hunterview,48476,155.597554,-87.7446545,
Jacqueline Pena,96,0982 Arthur Hollow,Ronaldchester,10685,-157.909565,-86.4532815,
Donna Burnett,30,14926 Peter Circles,Jasminetown,23059,149.000855,-83.2612195,
Dominique Esparza,12,10186 Janice Stravenue Suite 303,Port Anthony,61246,-67.292428,-36.490679,
Julia Garcia,40,71478 Lynn Extensions,North Charlesside,2473,122.085471,-54.788899,
Alison Flynn,15,030 Brianna Grove Apt. 080,New Grantview,8841,102.401057,-62.1010075,
Joseph Valdez,64,8750 Shelby Station,North Alan,95003,-105.481178,-24.561939,
Michele Winters,81,50021 Collier Parkways,Stoneburgh,17867,173.096309,63.482116,
Kevin Flynn,71,13679 Cody Fork Suite 874,Port Brandonton,59667,-117.688691,32.5224645,
James Porter,95,3236 Pamela Route Suite 531,Mitchellton,91062,38.43859,23.2797305,
David Wyatt,77,8230 Roy Wells Apt. 923,Port James,62008,56.068582,-7.013613,
Mary Martin,65,6122 Margaret Creek,South Jacob,54148,-7.855401,5.0335295,
Jose Elliott,94,3377 Audrey Fork,Adamsfort,51266,-126.152945,-10.2491865,
Christopher Santiago,19,179 Walker Point,South Carla,99144,98.216825,53.607832,
Laura Michael,75,761 Castillo Fort,Adamston,75058,-176.60766,-34.9021325,
Jessica Richardson,88,6142 Kristopher Mill Apt. 222,South Heathershire,90491,36.39147,62.0849825,
Kristen Myers,30,8298 Adams Trace Suite 836,Davisburgh,99340,-159.338844,72.4577365,
Christopher Cook,16,475 Reynolds Brooks Apt. 890,Gonzalezhaven,83238,38.799438,-80.341393,
Cindy Dunn,73,135 Bray Place,East Katherine,20292,53.427379,41.8662505,
Shannon Matthews,24,576 Jennings Rest,Port Robert,79379,-161.299232,76.7647755,
Zachary Frank,20,772 Robert Keys Apt. 693,Nguyenfurt,65470,-68.508965,-13.518834,
James Rivera,15,21227 Whitney Lodge Suite 241,Goodmanborough,32043,140.637728,-20.2435355,
Jared Silva,61,51291 Davis Tunnel,Scottport,71898,128.154148,60.2931425,
Samantha White,10,205 Lara Ports Apt. 745,East Anthony,36807,99.308484,53.6242725,
Craig Webb,34,690 Brown Station,Maryhaven,53423,37.691097,-65.572065,
William Chambers,43,640 Owens Lodge,Port Joyland,23374,79.703138,42.353432,
Shirley Robinson,70,6536 Davis Rest,New Leroyton,74642,-0.040084,-16.3912205,
Randy Curtis,14,848 Nichole Mall Suite 355,West Sarahmouth,52351,-75.873783,66.077064,
Courtney Garcia,15,10357 Smith Motorway,Martinfurt,39846,-90.88977,32.980067,
Russell Reed,71,5552 Adam Crossing,Lake Brittneymouth,72726,-90.459563,-36.572009,
Kelly Mcbride,37,97471 Olson Walk,Lake Justinberg,75972,58.032306,67.920617,
Mark Morton Jr.,103,5227 Colon Radial,Brendafurt,17613,63.449185,-66.402546,
Patricia Kent,81,4628 Cindy Parks,Tonyaborough,57013,-66.381645,56.9164395,
Larry Barajas DVM,40,749 Williams Circles Apt. 365,Lake Emma,72351,151.308846,-37.3514705,
Karen Brooks,102,849 Stephanie Orchard,East Brandonside,46481,-47.408373,2.0977595,
Jeremy Potter,108,079 Colleen Drive Suite 477,South Destiny,68114,-98.256863,75.7904365,
Todd Braun,74,153 Molly Cliff Apt. 836,West Theresachester,86909,12.614561,-46.7380945,
Amanda Thomas,89,8831 Caldwell Crest Suite 945,Torreschester,41975,149.865507,-30.468788,
Denise Frost,16,578 Lee Via,North Danielle,6961,-132.913984,85.115938,
Tiffany Rich,106,969 Katie Hollow,Lake Adrian,12559,-127.480196,-12.91024,
Carol Brown,116,68161 Deleon Harbor Apt. 793,Hardinstad,46480,-78.115715,-28.422806,
James Moon,101,10501 Kenneth Ports,East Matthew,13911,-51.604589,9.308616,
Nicholas Rivera,104,23605 Garcia Meadows,West Kathrynburgh,61709,-76.190382,-27.5164055,
Michelle Owens,63,70388 Samantha Cape Apt. 438,Frankshire,10366,60.645551,-84.357178,
Howard Singh,66,15473 White Trail Suite 672,New Larryview,79793,-83.027218,-42.84506,
Timothy Johnson,85,2343 Good Court Suite 324,Port Cheyenneberg,17477,-107.72876,25.065574,
Paul Roberts,17,921 Kelly Hill Suite 329,Nataliebury,12979,-159.798543,5.308434,
Robert Schneider,78,85126 Kathryn Manor,Port Richard,85854,8.324437,46.937491,
Rachel Lewis,18,087 Ross Wells Suite 363,Michaelberg,2374,-162.551128,-25.719329,
Bianca Mitchell,93,183 Mack Haven Suite 290,Lake Shelleyborough,81057,104.476316,-88.3126205,
